trial_id,mode,runtime_s,dominant_confidence_label,dominant_confidence_score,hallucinated_state_count,hallucinated_number_count,top_state_coverage_rate,numeric_accuracy_rate,risk_match_rate,wastewater_match_rate,enrichment_usage_rate,required_sections_rate,confidence_label_match_rate,low_confidence_disclosure_rate,confidence_score_match_rate,unsupported_confidence_claim_count,confidence_misuse,validity_score_0_100,passed_absolute_validity,grader_overall_score,unsupported_claims,missing_required_elements
1,baseline,4.906,high,1.0,0,0,1.0,0.6666666666666666,1.0,1.0,1.0,0.6,1.0,0.0,1.0,0,"[""The report correctly preserves High confidence for all three states, but it adds 'there are no low-confidence states in the supplied cohort,' which is not directly stated in the structured input and overgeneralizes beyond the listed top states."", ""The report implies certainty about the absence of additional metrics and cohort composition beyond the provided payload, which is not verifiable from the structured input alone.""]",79.42,False,2,"[""The report states that the top cohort is 'mixed' and 'enriched' and refers to a 'short-horizon outlook' and 'forecast', but the structured input only provides top states and national risk level, not any forecast or cohort enrichment."", ""The report says 'No forecast probabilities or national baseline metrics were included in the payload.' Forecast probabilities and baseline metrics are not present in the structured input, but the wording implies a broader payload context not supported by the provided JSON."", ""The report references 'cases_per_100k', 'delta_vs_national', 'agent2.summary_stats.national_avg_cases_per_100k', 'population bucket data', 'data_completeness_flag', and 'demographic data' as if these are relevant missing fields, but none of these appear in the structured input."", ""The report claims 'the lowest-risk cohort in the payload is composed of states labeled low risk, with case-driven signals and high confidence' as a baseline comparison group, which is not explicitly provided as a cohort in the structured input beyond the listed top states."", ""The report says 'Demographic data are included for context only and are not used in risk scoring,' but no demographic data are present in the structured input.""]","[""The report does not explicitly list the three top states in a compact structured summary with their risk levels, case counts, MMR coverage, wastewater signals, and confidence labels together."", ""The report does not explicitly mention MMR coverage values for CO, WI, and PA, which are present in the structured input."", ""The report does not clearly present the exact national risk level as a structured field-style statement separate from narrative text.""]"
1,grounded,2.447,high,1.0,0,0,1.0,1.0,1.0,1.0,1.0,1.0,1.0,0.0,1.0,0,[],94.25,True,5,[],[]
2,baseline,5.464,high,1.0,0,0,1.0,0.3333333333333333,1.0,1.0,1.0,0.6,1.0,0.0,1.0,0,"[""The report states all three top states are high confidence, which is supported, but it also implies reliability beyond the structured data by saying the short-horizon view is not dominated by low-confidence noise."", ""The report references missing benchmark and completeness fields as if they are part of the payload structure, but these fields are not present in the provided JSON.""]",71.08,False,2,"[""The short-horizon outlook is anchored by a mixed top cohort."", ""The top cohort’s burden is uneven in absolute terms, with WI carrying the largest case count in the cohort, followed by PA and CO."", ""The cohort should be read against the national average cases per 100k from agent2.summary_stats.national_avg_cases_per_100k."", ""The cohort is mixed rather than uniformly elevated, with one state in medium risk and two in low risk, which suggests the national signal is not concentrated in a single pattern."", ""Because the dashboard already shows compact top-state cards, this section is limited to aggregate context rather than state-by-state narrative."", ""No top-cohort states are marked with partial data_completeness_flag in the provided payload."", ""The lowest-risk cohort in the provided payload is represented by the two low-risk states, which together form the baseline comparison group against the single medium-risk state."", ""Their signals are case-led rather than wastewater-led, and their confidence is high, indicating a comparatively steadier baseline within the top cohort."", ""Watch for wastewater-led changes that could shift the signal mix before case counts move materially."", ""Monitor whether the cohort’s burden remains above the national baseline once the national per-100k benchmark is available."", ""Keep an eye on any confidence downgrades or completeness issues that could weaken interpretation.""]","[""Explicit listing of the three top states with their state codes, risk levels, case counts, wastewater signals, and confidence labels/scores in a compact structured summary."", ""Clear preservation of the exact confidence scores alongside confidence labels for each top state."", ""A direct statement that national risk level is high, tied explicitly to the structured field."", ""A concise summary of the top-state ordering by case count or risk level without adding unsupported interpretation.""]"
2,grounded,2.086,high,1.0,0,0,1.0,1.0,1.0,1.0,1.0,1.0,1.0,0.0,1.0,0,[],94.25,True,5,[],[]
3,baseline,5.78,high,1.0,0,0,1.0,0.6666666666666666,1.0,0.3333333333333333,1.0,0.6,1.0,0.0,1.0,0,"[""The report states 'Confidence is generally strong' and 'no major reliability flags,' which is broadly consistent with High confidence labels, but it also implies broader reliability assessment beyond the provided fields."", ""The report says 'No Low confidence labels appear in the enriched top cohort; all listed states are High confidence,' which is consistent with the input, but it omits explicit preservation of the confidence_score values (1.0) for each state."", ""The report introduces uncertainty language about 'emerging low-confidence or incomplete-data signals' despite the structured input showing only High confidence labels and no completeness flags.""]",72.75,False,2,"[""The short-horizon outlook remains elevated, with the top cohort showing mixed signals but no indication of immediate de-escalation."", ""The highest-risk cohort is led by CO, which is wastewater-driven and sits above the national case burden context."", ""WI and PA are lower-risk in the current cohort, but both remain part of the active national picture."", ""Confidence is generally strong for the top cohort, with no major reliability flags in the provided payload."", ""The near-term forecast remains concerning."", ""The cohort’s signal mix suggests continued monitoring is warranted, especially where wastewater-led detection is present."", ""CO is the only state with a wastewater-driven signal, and its normalized burden is the most notable relative to the national average."", ""WI and PA are below the cohort’s highest normalized burden, but both still contribute to the aggregate above-baseline picture when compared with agent2.summary_stats.national_avg_cases_per_100k."", ""Across the top cohort as a whole, cases_per_100k remain elevated enough to keep the group above the national average context."", ""delta_vs_national is positive for the cohort leader and smaller for the lower-risk states, indicating uneven but still relevant excess burden versus the national benchmark."", ""The enriched top cohort spans multiple population settings, so the burden is not confined to a single demographic profile."", ""Population size and density context may help explain why absolute case counts differ across states, but no inference is made here."", ""Population bucket information is included only as descriptive context."", ""No partial data_completeness_flag values are shown in the provided top cohort."", ""The lowest-risk cohort is comparatively stable in aggregate, with lower overall concern than the national high-risk setting and less immediate operational urgency than the leading cohort."", ""It remains useful as a baseline reference for what lower-burden conditions look like in the current snapshot."", ""Watch for wastewater-led changes that could signal early movement before case counts shift."", ""Track whether states already above the national burden stay elevated or begin to converge toward baseline."", ""Keep an eye on any emerging low-confidence or incomplete-data signals that could weaken near-term interpretation.""]","[""Explicit listing of the structured confidence scores (1.0) for CO, WI, and PA."", ""Clear preservation of the exact structured fields for each top state, including risk_level, case_count, mmr_coverage, wastewater_signal, confidence_label, and confidence_score in a compact report format."", ""A direct statement that the structured input contains only three top states: CO, WI, and PA."", ""Avoidance of unsupported references to national averages, normalized burden, cases_per_100k, delta_vs_national, population settings, demographic data, and data_completeness_flag, which are not present in the structured input.""]"
3,grounded,2.458,high,1.0,0,0,1.0,1.0,1.0,1.0,1.0,1.0,1.0,0.0,1.0,0,[],94.25,True,5,[],[]
4,baseline,4.7,high,1.0,0,0,1.0,0.6666666666666666,1.0,1.0,1.0,0.6,1.0,0.0,1.0,0,"[""The report preserves the High confidence labels for all three states, but it overstates stability by saying the signal is \""relatively stable\"" without any structured evidence beyond confidence labels."", ""The report implies confidence/completeness monitoring and potential shifts, but no completeness or uncertainty fields are provided in the structured input.""]",79.42,False,2,"[""References to a \""short-horizon outlook\"" and \""forecast\"" are unsupported because no forecast values or horizon are present in the structured input."", ""Claims about \""normalized risk context,\"" \""national average cases per 100k,\"" and \""agent2.summary_stats.national_avg_cases_per_100k\"" are unsupported because no such metric or agent summary is provided in the structured input."", ""Statements that the leading state is \""above the national baseline\"" and the others are \""closer to the broader national context\"" are unsupported by the structured input."", ""The \""Population context\"" section claims population buckets and descriptors are unavailable, but population fields are not part of the provided structured input and this framing is extraneous."", ""The \""Demographic note\"" section mentions demographic data, which are not present in the structured input."", ""The \""Data gaps and reliability\"" section claims no partial data_completeness_flag values are present, but no such field exists in the structured input."", ""The \""Low-risk baseline states\"" section introduces a cohort concept and comparative interpretation beyond the provided structured data.""]","[""The report does not explicitly list the three top states with their state codes, risk levels, case counts, MMR coverage, wastewater signal, and confidence labels in a compact structured summary."", ""The report does not clearly preserve the exact MMR coverage values for CO, WI, and PA."", ""The report does not clearly preserve the exact case counts for each top state in the main summary."", ""The report does not explicitly state the national risk level in a direct structured summary format.""]"
4,grounded,2.547,high,1.0,0,0,1.0,1.0,1.0,1.0,1.0,1.0,1.0,0.0,1.0,0,[],94.25,True,5,[],[]
5,baseline,4.772,high,1.0,0,0,1.0,0.5555555555555556,1.0,1.0,1.0,0.6,1.0,0.0,0.0,0,"[""States are described as having 'high confidence' without preserving the structured confidence labels/scores explicitly; the report does not mention confidence_score=1.0."", ""The report implies reliability/forecast usability beyond the structured confidence labels by stating 'the near-term outlook is usable for monitoring' and 'no indication of immediate de-escalation,' which overstates certainty relative to the input.""]",73.64,False,2,"[""The short-horizon outlook remains elevated, with the top cohort showing mixed signals but no indication of immediate de-escalation in the payload."", ""Overall, the payload supports continued national vigilance rather than a near-term easing."", ""The short-horizon picture is shaped by a small enriched top cohort."", ""Using the provided national average reference from the agent summary is not possible here because it is not present in the supplied JSON."", ""The cohort is therefore best read as a mixed-burden group rather than a uniformly elevated set."", ""The payload does not include population bucket fields for the listed states."", ""No additional population descriptors are available in the structured input."", ""Population context cannot be expanded further from this payload."", ""Demographic data are included for context only and are not used in risk scoring."", ""No partial completeness flags are shown for the enriched top cohort in the provided payload."", ""Watch for wastewater-led changes that could shift the signal before case counts move materially."", ""Monitor whether states already above the national burden remain elevated in the next update."", ""Keep an eye on any newly low-confidence or partially complete data that could weaken near-term interpretation.""]","[""Explicit structured confidence scores (1.0) for CO, WI, and PA are not preserved."", ""The report does not clearly present the exact MMR coverage values from the structured input; it rounds them and does not tie each value to its state."", ""The report does not explicitly list the three top states in a compact structured way with their exact risk levels, case counts, wastewater signals, and confidence labels/scores.""]"
5,grounded,2.377,high,1.0,0,0,1.0,1.0,1.0,1.0,1.0,1.0,1.0,0.0,1.0,0,[],94.25,True,5,[],[]
6,baseline,4.914,high,1.0,0,0,1.0,0.3333333333333333,0.6666666666666666,1.0,1.0,0.6,1.0,0.0,0.0,0,"[""Claims that confidence is high for the listed top states are supported, but the report overextends this into statements that the current picture is relatively stable and that there are no low-confidence entries to flag, which are not explicitly provided."", ""The report states there are no partial data-completeness flags shown, but completeness/partial flags are not present in the structured input."", ""The report implies broader reliability and stability conclusions from high confidence labels without preserving the limited scope of those labels.""]",64.75,False,2,"[""The short-horizon outlook remains elevated."", ""The current signal is driven by a mix of case activity and wastewater detection."", ""The top cohort is led by CO, WI, and PA; all three are currently in the monitored set."", ""National conditions remain concerning, with a high risk posture and no indication in the payload of near-term de-escalation."", ""The short-horizon forecast is therefore for continued elevated attention, especially where case activity is already established."", ""The top cohort in aggregate is not a low-burden group; it sits above the national average case burden implied by the payload’s national risk posture."", ""Relative to the national baseline, the cohort’s case burden is elevated enough to justify continued monitoring."", ""The cohort includes both wastewater-led and case-led signals, which broadens the operational context beyond a single detection pathway."", ""The lowest-risk cohort in aggregate is the set of states currently labeled low risk, which in this payload still includes meaningful case activity but sits below the highest-alert posture."", ""These states appear operationally stable relative to the top cohort, with high confidence and no indication of major data-quality concerns in the provided input."", ""Watch for wastewater-led signals that could precede broader case expansion."", ""Track states with burden above the national baseline for any sustained increase in activity."", ""Keep an eye on any entries where confidence weakens or completeness becomes partial."", ""Demographic data are included for context only and are not used in risk scoring.""]","[""Explicit coverage of the structured top-state fields for each state: risk_level, case_count, mmr_coverage, wastewater_signal, confidence_label, and confidence_score."", ""Clear state-by-state presentation of CO, WI, and PA with their exact structured values."", ""Explicit mention that national_risk_level is high as a structured field rather than only in narrative form."", ""Preservation of exact confidence scores (1.0) alongside the high confidence labels."", ""Avoidance of unsupported population and demographic sections, or clear indication that these fields are absent from the structured input.""]"
6,grounded,2.522,high,1.0,0,0,1.0,1.0,1.0,1.0,1.0,1.0,1.0,0.0,1.0,0,[],94.25,True,5,[],[]
7,baseline,4.591,high,1.0,0,0,1.0,0.6666666666666666,1.0,1.0,1.0,0.6,1.0,0.0,1.0,0,"[""The report correctly preserves High confidence for CO, WI, and PA."", ""It states that no Low confidence states are in the top cohort, which is consistent with the provided data."", ""However, it introduces cautionary language about future low-confidence updates despite no low-confidence states being present in the structured input; this is generic rather than grounded in the payload.""]",80.67,False,3,"[""“The short-horizon outlook remains elevated” — no explicit short-horizon forecast value or trend is provided beyond the state risk levels."", ""“current signal driven by a mix of case activity and wastewater detection” — this is broadly consistent with the top cohort, but the report generalizes to the national/current signal without structured national signal data."", ""“The top cohort includes one wastewater-driven state and two case-driven states, indicating mixed operational signals rather than a single uniform pattern” — the state-level signals are provided, but the inference about the overall pattern is interpretive and not explicitly stated in the input."", ""“Relative to the cohort, WI is the largest contributor in absolute cases” — supported by case counts, but “contributor” implies aggregation/impact not explicitly provided."", ""“The lowest-risk cohort in the provided data is represented by the low-risk states, which show a comparatively lighter burden than the national high-risk posture” — the existence of a lowest-risk cohort is not explicitly provided, and the comparative burden statement is interpretive."", ""“Within that group, the available signals are still mixed” — no structured data for a broader low-risk group beyond the listed top states."", ""“Watch for any new wastewater-led signal that could precede broader case growth” — speculative guidance not directly supported by the structured input.""]","[""The report does not explicitly list the structured state-level fields together in a compact, complete form (state, risk_level, case_count, mmr_coverage, wastewater_signal, confidence_label)."", ""MMR coverage values are not reported, despite being present in the structured input."", ""Confidence scores are not reported, only confidence labels."", ""The national risk level is reported, but the report does not clearly distinguish that this is the only national-level field provided."", ""The report mentions demographic data and population buckets, but these are not present in the structured input and should not be framed as included context.""]"
7,grounded,2.559,high,1.0,0,0,1.0,1.0,1.0,1.0,1.0,1.0,1.0,0.0,1.0,0,[],94.25,True,5,[],[]
8,baseline,5.057,high,1.0,0,0,1.0,0.3333333333333333,1.0,1.0,1.0,0.6,1.0,0.0,1.0,0,"[""The report correctly preserves 'High' confidence for all three states, but it overstates certainty by saying 'the signal quality is strong' and 'there are no low-confidence entries' without noting that confidence applies only to the listed states in the payload."", ""The report implies confidence in broader conclusions about outlook and stability beyond the state-level entries, which is not directly supported by the structured input.""]",71.08,False,2,"[""References to 'short-horizon outlook' and 'near term' forecasting beyond the provided national risk level are not supported by the structured input."", ""Claims about a 'mixed top cohort' and 'heterogeneous picture' are interpretive summaries not explicitly stated in the structured input."", ""Statements about 'aggregate burden' and 'above-national burden' are unsupported because no national average or population-normalized metrics are provided."", ""Mention of `agent2.summary_stats.national_avg_cases_per_100k` is unsupported; this field is not present in the structured input."", ""Claims about 'population bucket data' and 'population-based descriptive comparison' are unsupported because population fields are absent from the structured input."", ""References to 'demographic data' being included for context are unsupported because no demographic data are present in the structured input."", ""Statements about 'data_completeness_flag' values and identifying partial-completeness states are unsupported because no such field is present."", ""Claims that the low-risk states are 'more stable' than the medium-risk state are interpretive and not directly supported by the structured input."", ""Recommendations to 'watch for any shift from wastewater-led activity into broader case growth' and 'monitor whether the above-national burden ... begins to spread' are speculative and not grounded in the structured input.""]","[""The report does not explicitly list the three top states with their exact state codes, risk levels, case counts, MMR coverage, wastewater signals, and confidence labels in a compact structured summary."", ""The report does not clearly present the national risk level as the only national-level field available without adding forecast language."", ""The report omits the exact MMR coverage values for CO, WI, and PA."", ""The report omits the exact case counts for CO, WI, and PA in the main summary."", ""The report omits the exact wastewater signal labels for each state in a concise required-element summary.""]"
8,grounded,2.455,high,1.0,0,0,1.0,1.0,1.0,1.0,1.0,1.0,1.0,0.0,1.0,0,[],94.25,True,5,[],[]
9,baseline,5.207,high,1.0,0,0,1.0,0.8888888888888888,1.0,1.0,1.0,0.6,1.0,0.0,1.0,0,"[""The report correctly preserves High confidence and 1.0 scores for the listed states."", ""However, it implies broader certainty about cohort interpretation and future monitoring beyond the provided confidence labels."", ""The phrase 'No Low confidence labels appear' is acceptable for the listed states, but the report should avoid extending this to unprovided data fields or broader cohorts.""]",84.97,True,3,"[""References to 'short-horizon outlook' and 'forecast' are not explicitly present in the structured input."", ""Statement that the national outlook is 'anchored by a high national baseline in the payload' goes beyond the provided structured fields."", ""Mention of 'normalized view' and 'agent2.summary_stats.national_avg_cases_per_100k' is unsupported by the structured input."", ""Claim that the cohort is described as the 'top set of states' is not explicitly stated in the structured input."", ""Statement that the cohort is being surfaced together because of mixed signals 'helps explain why the group is being surfaced together' is interpretive and unsupported."", ""References to 'population bucket details' and 'demographic data are included for context only' are unsupported by the structured input."", ""Claim that 'No partial data_completeness_flag values are provided' is unsupported because data_completeness_flag is not present in the structured input."", ""Statement that the 'lowest-risk cohort is represented by states with low risk and high confidence' is unsupported as a cohort-level characterization beyond the listed states."", ""Claims about 'states already showing early signal changes' and 'confidence drops or completeness becomes less certain' are speculative and unsupported.""]","[""The report does not clearly present the structured top states in a compact, explicit table or equivalent structured summary."", ""The report does not explicitly state the exact mmr_coverage values alongside each state in the executive summary."", ""The report does not clearly distinguish that the structured input only contains three top states and one national risk level, while several sections discuss unprovided context.""]"
9,grounded,3.206,high,1.0,0,0,1.0,1.0,1.0,1.0,1.0,1.0,1.0,0.0,1.0,0,[],94.25,True,5,[],[]
10,baseline,5.082,high,1.0,0,0,1.0,0.6666666666666666,1.0,1.0,1.0,0.6,1.0,0.0,1.0,0,"[""States that confidence is uniformly high / high across all listed top states, which is supported, but also implies stability ('the current read is relatively stable') without explicit support from the structured input."", ""Mentions 'no low-confidence exceptions to flag' and 'no partial data-completeness flags' despite the structured input only providing confidence labels/scores and no completeness flags.""]",79.42,False,2,"[""Compared with the national average cases per 100k from the agent summary, the cohort should be interpreted as the higher-burden slice of the current signal set; the dashboard’s state-level normalization is already reflected in the cohort ordering."", ""Demographic data are included for context only and are not used in risk scoring."", ""No partial data-completeness flags are shown for the listed top states."", ""The lowest-risk cohort is the stable baseline reference group: states with comparatively lower current burden and no indication of acute escalation in the provided payload."", ""This briefing is based only on the provided payload and does not add external data. It reflects a snapshot view of the current structured inputs; missing fields limit what can be assessed.""]","[""Does not explicitly enumerate the three top states with their state codes, risk levels, case counts, MMR coverage, wastewater signal, and confidence labels/scores in a structured way."", ""Does not explicitly report the exact MMR coverage values for CO, WI, and PA."", ""Does not explicitly preserve the confidence scores (1.0) alongside the confidence labels for each state."", ""Does not clearly present the national risk level as a structured element tied to the input.""]"
10,grounded,2.929,high,1.0,0,0,1.0,1.0,1.0,1.0,1.0,1.0,1.0,0.0,1.0,0,[],94.25,True,5,[],[]
11,baseline,5.479,high,1.0,0,0,1.0,0.6666666666666666,0.6666666666666666,1.0,1.0,0.6,1.0,0.0,1.0,0,"[""The report states all three top-cohort states are High confidence, which matches the input, but it adds unsupported reliability commentary such as 'No additional reliability caveats are supplied in the structured input.'"", ""The report implies broader certainty about national and cohort trends beyond the provided structured fields, without explicit uncertainty framing for those extrapolations.""]",76.08,False,2,"[""The short-horizon outlook from the payload remains concerning, with the national signal elevated rather than stable."", ""The payload does not provide a separate forecast metric beyond the national risk level and state-level signals."", ""Among the top cohort, case counts range from 16 in CO to 68 in WI and 23 in PA, indicating ongoing activity that warrants close monitoring."", ""In the top cohort, CO is the highest-risk state in aggregate, with 16 cases and a wastewater-driven signal; its burden is above the national average implied by the payload context."", ""WI has the largest case count in the cohort at 68, with a case-driven signal; its burden is also above the national average context."", ""PA has 23 cases and a case-driven signal; its burden remains above the national average context, though lower than WI."", ""The cohort-level comparison is limited to the provided state set; the payload does not include a national average cases-per-100k value to quantify the gap directly."", ""The lowest-risk cohort in the provided set is the low-risk group, which includes states with lower apparent measles burden than the highest-risk state and a more stable overall profile."", ""Within the available inputs, these states are not presented as a separate baseline table, so the aggregate takeaway is simply that they sit below the top cohort in risk level while still showing measurable activity."", ""Watch for any new wastewater-led signal shifts that could precede broader case growth."", ""Track whether states already above the national burden remain elevated or begin to accelerate further."", ""Keep an eye on any confidence caveats or data completeness issues that could change the interpretation of the current signals.""]","[""The structured input includes only three top states and national risk level; the report adds a 'low-risk baseline states' section without any structured details for those states."", ""The report does not clearly preserve the structured fields in a compact, direct way; it omits explicit listing of each state's risk_level, mmr_coverage, and confidence_score in a structured summary."", ""The report does not explicitly state that the national risk level is the only national-level metric provided, despite mentioning additional outlook language.""]"
11,grounded,3.252,high,1.0,0,0,1.0,1.0,1.0,1.0,1.0,1.0,1.0,0.0,1.0,0,[],94.25,True,5,[],[]
12,baseline,5.414,high,1.0,0,0,1.0,0.8888888888888888,0.6666666666666666,0.0,1.0,0.6,1.0,0.0,1.0,0,"[""The report introduces confidence-related claims about 'no immediate signal of broad data instability' and 'no major reliability issues' that are not supported by the structured input."", ""The report implies broader confidence handling for a 'broader enriched set' and 'lower-confidence or partially complete data,' but the structured input only provides High confidence for CO, WI, and PA."", ""The report does not preserve the structured confidence fields explicitly (confidence_label and confidence_score) for each top state.""]",71.64,False,2,"[""The short-horizon forecast in the payload supports continued elevated concern rather than rapid de-escalation."", ""The top cohort is led by CO, WI, and PA; all are currently in the enriched top-state set."", ""No immediate signal of broad data instability in the payload."", ""The short-horizon outlook does not suggest near-term normalization."", ""MMR coverage in the top cohort ranges from 90.6% to 93.8%, which is useful context but does not change the payload’s national risk designation."", ""WI has the highest normalized burden at 68 cases, which is above the national average cases-per-100k reference in the payload context."", ""PA and CO also sit above the national average reference."", ""The aggregate top-cohort picture is therefore one of above-national burden concentrated in a small set of states, rather than a diffuse national pattern."", ""The payload’s national average cases-per-100k benchmark should be used as the comparison point for the cohort-level view."", ""The top cohort includes states with differing population sizes, which can affect how case counts appear in absolute terms."", ""Population bucket information, if present in the full payload, is best used as descriptive context only."", ""Demographic data are included for context only and are not used in risk scoring."", ""No major reliability issues are flagged for CO, WI, or PA in the enriched top cohort; confidence is High for all three."", ""If any state in the broader enriched set has partial completeness or lower confidence, it should be treated as a caveat rather than a change in the overall national signal."", ""The lowest-risk cohort is comparatively stable and sits below the elevated national burden seen in the top cohort."", ""These states do not drive the current national alarm state, and their aggregate profile is more consistent with baseline monitoring than with immediate escalation."", ""Watch for wastewater-led signals that may precede or reinforce case activity."", ""Monitor whether states already above the national burden remain elevated in the next update."", ""Treat any lower-confidence or partially complete data as a caution flag when interpreting near-term changes.""]","[""Explicit listing of each top state with its structured fields: state, risk_level, case_count, mmr_coverage, wastewater_signal, confidence_label, confidence_score."", ""Clear preservation of the wastewater_signal values for CO, WI, and PA in the main summary."", ""Clear preservation of the exact MMR coverage values for CO, WI, and PA."", ""Clear preservation of the exact confidence labels/scores for CO, WI, and PA."", ""The report does not clearly distinguish that CO is medium risk while WI and PA are low risk."", ""The report adds unsupported sections about population context, demographic note, low-risk baseline states, and broader enriched set without corresponding structured input.""]"
12,grounded,3.374,high,1.0,0,0,1.0,1.0,1.0,1.0,1.0,1.0,1.0,0.0,1.0,0,[],94.25,True,5,[],[]
13,baseline,5.411,high,1.0,0,0,1.0,0.7777777777777778,1.0,1.0,1.0,0.6,1.0,0.0,1.0,0,"[""The report states “All top-cohort states are labeled High confidence,” which is correct, but it also introduces “lower-confidence or partially complete data streams” despite no such fields in the structured input."", ""The report implies certainty about short-horizon and baseline stability without corresponding confidence or forecast fields in the structured input.""]",82.19,False,2,"[""“The short-horizon outlook remains elevated” — short-horizon outlook is not provided in the structured input."", ""“current signal concentrated in a small set of states rather than broadly uniform” — not explicitly stated in the structured input."", ""“No additional national forecast metrics were provided in the payload” — not a structured field and not verifiable from the input."", ""“elevated but uneven pattern across the leading states” — interpretive claim not directly supported by the structured input."", ""“The top cohort’s case burden ranges from 16 to 68 cases” — supported numerically, but the framing as a cohort burden range is interpretive; acceptable but borderline."", ""“Relative to the national average cases per 100k” — national average cases per 100k is not provided in the structured input."", ""“some states are materially above baseline while others are closer to it” — baseline comparison is unsupported."", ""“the payload does not provide a single cohort-wide normalized rate” — not a structured field and not verifiable from the input."", ""“The lowest-risk cohort is described as broadly stable at the aggregate level” — stability is not provided in the structured input."", ""“no indication in the payload of a concentrated escalation pattern” — escalation pattern is not provided in the structured input."", ""“This baseline group serves as the comparison set for the higher-burden states” — comparison framing is not explicitly provided."", ""“Watch for wastewater-led changes that could signal a shift before case counts move” — predictive interpretation beyond the structured input."", ""“Monitor states with burden above the national average case-rate context” — national average case-rate context is not provided."", ""“Keep an eye on any lower-confidence or partially complete data streams” — no lower-confidence or partial-completeness flags are present in the structured input.""]","[""The report does not explicitly list the three top states with their state codes and associated values in a structured, complete way."", ""The report does not clearly preserve the exact top-state mapping: CO = medium risk, 16 cases, 90.5863% MMR coverage, wastewater-driven, High confidence; WI = low risk, 68 cases, 91.7304% MMR coverage, case-driven, High confidence; PA = low risk, 23 cases, 93.8043% MMR coverage, case-driven, High confidence."", ""The report does not explicitly state the national risk level in a concise structured summary section tied directly to the input."", ""The report adds sections about population context, demographic note, data gaps, and low-risk baseline states that are not supported by the structured input.""]"
13,grounded,2.588,high,1.0,0,0,1.0,1.0,1.0,1.0,1.0,1.0,1.0,0.0,1.0,0,"[""States that no uncertainty adjustment is needed because all three top states have High confidence labels; this is acceptable given the input, but it slightly overstates certainty by implying confidence labels alone eliminate uncertainty considerations.""]",94.25,True,5,[],[]
14,baseline,5.778,high,1.0,0,0,1.0,0.6666666666666666,1.0,0.3333333333333333,1.0,0.6,1.0,0.0,1.0,0,"[""States are correctly labeled as High confidence, but the report adds “the current picture is relatively stable rather than uncertain,” which over-interprets confidence beyond the structured fields."", ""The report implies confidence supports broader national stability/forecast certainty, but confidence is only provided at the state level for the listed top states.""]",72.75,False,2,"[""“The short-horizon outlook remains elevated” / “near-term outlook that stays elevated” — no short-horizon forecast or outlook field is present in the structured input."", ""“current signal driven by a mix of case activity and wastewater detection” — the input only specifies CO as Wastewater-driven and WI/PA as Case-driven; it does not provide a combined national signal."", ""“No major data-quality limitations are indicated in the provided top cohort.” — no data-quality limitation field is provided."", ""“the presence of a wastewater-driven signal in CO suggests ongoing surveillance attention is warranted” — the surveillance recommendation is interpretive and not explicitly in the input."", ""“CO has the highest normalized burden at 16.00 cases per 100k” / “WI is also elevated in aggregate at 68.00 cases per 100k” / “PA sits at 23.00 cases per 100k” — the structured input provides case_count values, not cases per 100k."", ""“above the national average benchmark from the payload context” / “well above the national average benchmark” / “above the national average cases-per-100k level” — no national average benchmark is provided."", ""“Population context is therefore not expanded further.” — this is a report-generation statement not grounded in the structured input."", ""“Demographic data are included for context only and are not used in risk scoring.” — demographic data are not present in the structured input."", ""“No partial completeness flags are shown for the enriched top cohort” — no completeness flag field is provided."", ""“The lowest-risk cohort is described as a comparatively stable baseline...” — the structured input does not include any low-risk baseline cohort details beyond the top states."", ""“These states sit below the elevated national pressure seen in the higher-burden group” — unsupported comparison to a lower-risk cohort not provided."", ""“Watch for any new wastewater-led upticks that could precede broader case growth.” — speculative forecasting not present in the structured input."", ""“Monitor states already running above the national burden benchmark...” — unsupported benchmark comparison."", ""“Keep an eye on any emerging low-confidence or incomplete-data signals...” — no low-confidence or incomplete-data signals are present in the structured input.""]","[""The report does not explicitly preserve the structured risk levels for each top state in a compact state-by-state format (CO medium, WI low, PA low) in the main summary."", ""The report does not clearly state the exact wastewater signal for each state (CO Wastewater-driven; WI Case-driven; PA Case-driven) in a concise structured way."", ""The report does not explicitly include the exact case counts for each top state in the executive summary.""]"
14,grounded,2.616,high,1.0,0,0,1.0,1.0,1.0,1.0,1.0,1.0,1.0,0.0,1.0,0,[],94.25,True,5,[],[]
15,baseline,4.787,high,1.0,0,0,1.0,0.5555555555555556,0.6666666666666666,1.0,1.0,0.6,1.0,0.0,1.0,0,"[""The report correctly preserves High confidence for the listed top states, but it introduces unsupported reliability statements such as 'No top-cohort states are flagged as partial or Low confidence' without structured evidence."", ""The report implies certainty about national and cohort-level trends beyond the provided fields, which overstates confidence.""]",73.31,False,2,"[""Claims about 'short-horizon outlook' and 'continued monitoring' are not supported by the structured input."", ""Statements about 'normalized burden', 'cases_per_100k', 'delta_vs_national', and 'agent2.summary_stats.national_avg_cases_per_100k' are not present in the structured input."", ""The assertion that the top cohort's burden exceeds the national average is unsupported."", ""The claim that the lowest-risk cohort is 'comparatively stable in aggregate' and has 'no indication ... of an acute escalation pattern' is unsupported."", ""References to 'population_bucket values', 'demographic data', and 'data completeness' are not supported by the structured input."", ""The statement that 'states differ in magnitude rather than direction' is unsupported."", ""The recommendation to 'watch for wastewater-led changes that could precede broader case increases' goes beyond the provided structured facts.""]","[""The report does not explicitly list the structured top states with their individual risk levels, case counts, MMR coverage, and wastewater signals in a compact factual summary."", ""The report does not clearly present the exact national risk level as a structured takeaway alongside the top-state details."", ""The report omits the specific MMR coverage values for CO, WI, and PA."", ""The report omits the exact wastewater signal labels for each top state in a direct state-by-state format.""]"
15,grounded,2.738,high,1.0,0,0,1.0,1.0,1.0,1.0,1.0,1.0,1.0,0.0,1.0,0,[],94.25,True,5,[],[]
16,baseline,5.105,high,1.0,0,0,1.0,0.3333333333333333,1.0,1.0,1.0,0.6,1.0,0.0,1.0,0,"[""No major confidence misuse detected; the report preserves the High confidence labels for all three top states."", ""The statement “there are no low-confidence states to flag here” is consistent with the provided confidence labels.""]",72.33,False,4,"[""“The short-horizon outlook is anchored by a mixed top cohort” adds interpretive framing not explicitly present in the structured input."", ""“The cohort is not uniformly elevated” is an inference beyond the structured fields, though broadly consistent with one medium-risk and two low-risk states."", ""“The presence of a medium-risk state alongside two low-risk states indicates uneven pressure across the leading signals” is interpretive and not directly stated in the input."", ""“The lowest-risk cohort is composed of states assessed as low risk” is not explicitly provided as a separate cohort in the structured input."", ""“In aggregate, this baseline group appears more stable and less elevated than the highest-priority signal set” is comparative interpretation not directly supported by the structured input."", ""“Population context is not provided in the payload” is unsupported because the structured input shown does not include population fields, but the report asserts absence rather than simply omitting it."", ""“Demographic data are included for context only and are not used in risk scoring” is unsupported by the structured input.""]","[""The report does not explicitly list the three top states with their exact structured values (CO, WI, PA; risk levels; case counts; MMR coverage; wastewater signal; confidence label/score) in a compact structured summary."", ""The report does not explicitly preserve the exact confidence scores (1.0) alongside the High labels."", ""The report does not explicitly include the national risk level as a structured field/value summary separate from narrative text.""]"
16,grounded,2.892,high,1.0,0,0,1.0,1.0,1.0,1.0,1.0,1.0,1.0,0.0,1.0,0,[],94.25,True,5,[],[]
17,baseline,4.971,high,1.0,0,0,1.0,1.0,0.6666666666666666,1.0,1.0,0.6,1.0,0.0,1.0,0,"[""The report states all three top states are flagged with High confidence, which is supported, but it also implies broader reliability statements about the payload (e.g., no low-confidence entries, no partial completeness flags) that are not present in the structured input."", ""The report introduces a 'short-horizon forecast' and 'national outlook still above baseline' framing beyond the provided national_risk_level without structured support."", ""The report implies additional national-average and cases-per-100k context that is not present in the structured input.""]",84.42,True,2,"[""The short-horizon forecast in the payload remains elevated, with the national outlook still above baseline."", ""The top cohort is led by CO, WI, and PA; all three are currently flagged with High confidence."", ""Signals in the top cohort are mixed, with one wastewater-driven state and two case-driven states."", ""In aggregate, the top cohort is not a low-burden group: the states listed here are the highest-risk entries in the payload and sit above the national average context provided in the report inputs."", ""Relative to the national average cases-per-100k context in the report inputs, the top cohort is elevated overall; the payload does not provide enough structured detail here to break that out further by state."", ""The cohort’s risk context is consistent with a national setting that is already above baseline."", ""The payload does not include population-bucket fields for the top cohort."", ""No additional population descriptors were provided."", ""Demographic data are included for context only and are not used in risk scoring."", ""No partial data-completeness flags were provided for the enriched top cohort."", ""No low-confidence entries appear in the provided payload."", ""The lowest-risk cohort in the payload is the set of states outside the top-risk group, which collectively sits closer to baseline than the elevated national context."", ""These states are not enumerated in the structured input, but the overall pattern indicates a lower-burden background group relative to the top cohort."", ""Watch for whether wastewater-led signals persist or broaden into additional jurisdictions."", ""Monitor whether states already above the national burden remain elevated in the next update."", ""Keep an eye on any new low-confidence or incomplete-data entries that could change interpretation.""]","[""The report does not clearly preserve the exact structured values for risk_level by state (CO medium, WI low, PA low) in a concise, explicit way."", ""The report does not explicitly state the exact MMR coverage values alongside each state in the main summary in a structured, easily auditable format."", ""The report does not explicitly identify the national_risk_level as a structured field value separate from narrative interpretation."", ""The report adds unsupported sections about population context, demographic note, data gaps, and low-risk baseline states instead of focusing strictly on the provided structured elements.""]"
17,grounded,2.475,high,1.0,0,0,1.0,1.0,1.0,1.0,1.0,1.0,1.0,0.0,1.0,0,[],94.25,True,5,[],[]
18,baseline,5.535,high,1.0,0,0,1.0,0.7777777777777778,1.0,1.0,1.0,0.6,1.0,0.0,1.0,0,"[""The report states confidence is high for all three states, which matches the structured input, but it also asserts there are no low-confidence states and no partial-data flags without those fields being present in the structured input."", ""The report implies reliability and data completeness conclusions ('no major data gaps', 'no states ... marked partial') that are not supported by the structured input.""]",82.19,False,2,"[""The top cohort’s cases_per_100k is above the national average in aggregate, with the cohort sitting above agent2.summary_stats.national_avg_cases_per_100k."", ""Within the top cohort, the delta_vs_national is positive overall, indicating burden above the national baseline rather than near it."", ""The cohort’s normalized burden is not uniform: one state is materially more elevated than the others, but the aggregate remains above the national reference."", ""Compared with agent2.summary_stats.national_avg_cases_per_100k, the top cohort should be viewed as a higher-burden group overall."", ""The cohort spans states with different population_bucket profiles, so the signal is not confined to a single population size band."", ""Population bucket differences may help explain why case counts vary across the cohort."", ""No major data gaps are flagged in the enriched top cohort."", ""No states in the enriched top cohort are marked partial on data_completeness_flag in the provided payload."", ""The lowest-risk cohort is broadly stable and sits closer to the national baseline in aggregate, with lower normalized burden than the top cohort."", ""It does not show the same level of short-horizon pressure as the higher-risk group.""]","[""The report does not explicitly preserve the structured confidence_score values, only the confidence label 'High'."", ""The report does not clearly present the exact structured values for each top state (CO, WI, PA) in a structured or state-by-state format."", ""The report omits the exact national_risk_level field name/value as a direct structured summary, though it does state national risk is high.""]"
18,grounded,2.564,high,1.0,0,0,1.0,1.0,1.0,1.0,1.0,1.0,1.0,0.0,1.0,0,[],94.25,True,5,[],[]
19,baseline,4.848,high,1.0,0,0,1.0,0.8888888888888888,1.0,1.0,1.0,0.6,1.0,0.0,1.0,0,"[""The report correctly preserves High confidence for all three states, but it adds unsupported statements about low-confidence states and partial data completeness."", ""It implies confidence-related monitoring for future shifts without any structured evidence for such dynamics.""]",84.97,True,3,"[""“The short-horizon outlook is anchored by a high national baseline” — the structured input only provides a national risk level, not a short-horizon outlook or baseline framing."", ""“The highest-risk cohort includes one medium-risk state and two low-risk states” — the structured input lists top states but does not define them as a highest-risk cohort."", ""“No additional forecast detail is available in the provided payload” — the payload does not contain forecast detail, but this is an interpretive statement beyond the structured fields."", ""“Compared with the national average cases per 100k from the agent summary” — no national average cases per 100k is present in the structured input."", ""“the cohort should be read as the higher-burden set in the payload” — this comparative interpretation is not explicitly supported by the structured input."", ""“The lowest-risk cohort in the payload is the set of states labeled low risk” — the structured input only provides top states, not a lowest-risk cohort."", ""“this suggests the baseline group is not negligible and should be interpreted as a lower-risk cohort relative to the top state, not as a no-action group” — unsupported operational interpretation."", ""“Demographic data are included for context only and are not used in risk scoring” — demographic data are not present in the structured input."", ""“No partial data-completeness flags are provided for the enriched top cohort” — completeness flags are not part of the structured input, but the term 'enriched top cohort' is unsupported."", ""“Keep an eye on any states that shift toward lower confidence or partial data completeness” — no such future-state information is provided.""]","[""The report does not clearly present the structured top states in a compact, state-by-state format with state, risk level, case count, MMR coverage, wastewater signal, and confidence."", ""It does not explicitly list the exact MMR coverage values for each state, only a range/rounded values."", ""It does not clearly distinguish that the structured input contains only three top states and a national risk level, while much of the added narrative is interpretive.""]"
19,grounded,2.829,high,1.0,0,0,1.0,1.0,1.0,1.0,1.0,1.0,1.0,0.0,1.0,0,[],94.25,True,5,[],[]
20,baseline,4.916,high,1.0,0,0,1.0,0.6666666666666666,0.6666666666666666,0.6666666666666666,1.0,0.6,1.0,0.0,1.0,0,"[""The report correctly preserves 'High' confidence for CO, WI, and PA."", ""However, it implies broader certainty in statements like 'The near-term picture remains concerning' and 'current signal driven by...' without explicit confidence qualifiers, slightly overstating certainty beyond the structured fields."", ""The report does not disclose any uncertainty around the interpretive statements that go beyond the provided confidence labels.""]",74.0,False,3,"[""“The short-horizon outlook remains elevated” is not explicitly supported by the structured JSON beyond national_risk_level = high and top-state signals."", ""“The current signal driven by a mix of case activity and wastewater detection” overgeneralizes from the three states; the JSON only specifies one wastewater-driven state (CO) and two case-driven states (WI, PA)."", ""“The top cohort is led by CO, WI, and PA; all three are currently in the enriched set” uses 'enriched set' language not present in the structured input."", ""“No forecast probabilities or national baseline metrics were included in the payload” is unsupported because the JSON does not mention forecast probabilities or baseline metrics at all; this is a meta-claim about absence beyond the provided fields."", ""“The near-term picture remains concerning” is interpretive language not directly grounded in the structured fields."", ""“The cohort is still categorized below the national high-risk setting” is not supported because the JSON does not provide a national-vs-state comparative tiering framework beyond national_risk_level = high and individual state risk levels."", ""“No partial completeness flags are present in the enriched top cohort” is unsupported; absence of such flags is not stated in the JSON."", ""“Demographic data are included for context only” is unsupported; no demographic data are present in the structured JSON.""]","[""The report does not explicitly list the structured top-state fields in a compact, complete way (state, risk_level, case_count, mmr_coverage, wastewater_signal, confidence_label, confidence_score) for each of CO, WI, and PA."", ""The report does not clearly state the exact MMR coverage values for CO, WI, and PA, which are present in the structured input."", ""The report does not explicitly note that CO is medium risk while WI and PA are low risk in the same concise summary section."", ""The report does not clearly distinguish that the wastewater signal is 'Wastewater-driven' only for CO and 'Case-driven' for WI and PA in a direct structured summary."", ""The report includes several sections about missing fields and demographics that are not required by the structured input and may distract from the core required elements.""]"
20,grounded,2.416,high,1.0,0,0,1.0,1.0,1.0,1.0,1.0,1.0,1.0,0.0,1.0,0,[],94.25,True,5,[],[]
21,baseline,5.159,high,1.0,0,0,1.0,0.3333333333333333,0.6666666666666666,0.0,1.0,0.6,1.0,0.0,1.0,0,"[""The report states “Confidence is high for the listed top states” correctly, but then generalizes stability (“the current signal is relatively stable”) without explicit support from the structured input."", ""“All listed top states carry High confidence, so there are no low-confidence entries to flag here” is consistent with the input, but the report also implies broader reliability and stability beyond the confidence labels provided.""]",57.75,False,2,"[""“The short-horizon outlook remains elevated” and “no indication in the payload of near-term de-escalation” are not supported by the structured input, which only provides current state risk levels and confidence."", ""“The current signal driven by a mix of case activity and wastewater detection” overstates the input; only CO is wastewater-driven, while WI and PA are case-driven."", ""“The top cohort is led by CO, WI, and PA; all three are currently in the lower-to-middle risk bands” is partially unsupported because the structured input specifies CO as medium and WI/PA as low, but does not define “lower-to-middle risk bands.”"", ""“The top cohort’s burden is concentrated in WI and PA on a case-count basis” is unsupported as a comparative concentration claim; the input gives case counts but no ranking or concentration analysis."", ""“Relative to the national average cases per 100k, the top cohort is elevated overall” is unsupported because no national average cases per 100k is provided."", ""“the strongest normalized burden in the highest-case states” is unsupported because no normalized burden metric is provided."", ""“The cohort spans both above-average and near-average normalized burden” is unsupported for the same reason."", ""“No partial completeness flags are shown for the enriched top cohort” is unsupported because completeness flags are not included in the structured input."", ""“The lowest-risk cohort is currently anchored by states with lower overall signal and more limited near-term concern” is unsupported because the structured input does not provide a lowest-risk cohort beyond the listed top states."", ""“This group is useful as a reference point for what lower-burden conditions look like in the current report” is unsupported and interpretive beyond the input."", ""“Watch for wastewater-led changes that could precede broader case movement” is a speculative forecast not directly supported by the structured input.""]","[""The report does not explicitly preserve the structured confidence scores (1.0) for CO, WI, and PA."", ""The report does not clearly state the exact risk levels for each top state in a structured way (CO medium; WI low; PA low)."", ""The report does not explicitly list the wastewater signal for each top state (CO wastewater-driven; WI case-driven; PA case-driven)."", ""The report does not explicitly mention the case counts and MMR coverage values for each top state."", ""The report introduces a 'lowest-risk cohort' section, but the structured input only provides the top states and national risk level, not a lowest-risk cohort.""]"
21,grounded,2.145,high,1.0,0,0,1.0,1.0,1.0,1.0,1.0,1.0,1.0,0.0,1.0,0,[],94.25,True,5,[],[]
22,baseline,5.676,high,1.0,0,0,1.0,0.7777777777777778,1.0,1.0,1.0,0.6,1.0,0.0,1.0,0,"[""States are described as having 'high confidence' correctly, but the report adds 'the current signal is comparatively stable' which overstates what confidence alone supports."", ""The report implies reliability/stability from confidence labels without any explicit uncertainty caveats tied to the actual metrics beyond the provided labels.""]",82.19,False,3,"[""“The short-horizon outlook is anchored by a mixed top cohort” — interpretive framing not explicitly present in the structured input."", ""“suggesting the near-term picture is mixed rather than uniform” — unsupported inference beyond the provided fields."", ""“the highest-burden state is not necessarily the one with the lowest MMR coverage” — comparative claim not directly supported by the structured data."", ""“The lowest-risk cohort ... together show higher MMR coverage than the medium-risk state” — true numerically for the listed states, but the broader claim about a 'baseline' is interpretive and not explicitly provided."", ""“their combined profile suggests a comparatively steadier baseline” — unsupported inference."", ""“Watch for any shift toward wastewater-led activity in the higher-concern state” — forward-looking recommendation not grounded in structured input.""]","[""No explicit per-state listing of all required structured elements in a compact structured summary (state, risk level, case count, MMR coverage, wastewater signal, confidence)."", ""No direct mention that the national risk level is the only national forecast value supplied, beyond narrative wording."", ""No clear separation of supported facts versus interpretive commentary, which reduces operational usefulness.""]"
22,grounded,2.454,high,1.0,0,0,1.0,1.0,1.0,1.0,1.0,1.0,1.0,0.0,1.0,0,[],94.25,True,5,[],[]
23,baseline,5.582,high,1.0,0,0,1.0,0.3333333333333333,1.0,1.0,1.0,0.6,1.0,0.0,1.0,0,"[""The report states “Confidence is high for all three states” and “All three top-cohort states are labeled High confidence,” which is consistent with the input."", ""However, it adds “the short-horizon picture is relatively stable” based on high confidence labels; stability is not explicitly encoded and may overstate what confidence alone supports.""]",71.08,False,3,"[""“The short-horizon outlook is anchored by a mixed top cohort” — the structured input provides top states and labels, but no explicit short-horizon outlook."", ""“The highest-concern state in the provided cohort is CO” — CO is medium risk, but the phrase “highest-concern” is interpretive and not explicitly stated."", ""“In the near term, the provided cohort suggests a split signal” — near-term interpretation is not directly supported by the JSON."", ""“CO is the clearest above-baseline signal in aggregate” — baseline/above-baseline framing is not provided in the structured input."", ""“WI and PA sit below that cohort leader, with lower aggregate burden than CO based on the provided case counts and risk labels” — comparative burden inference is partly supported by case counts/risk labels, but “aggregate burden” and ranking interpretation are not explicitly provided."", ""“The cohort’s case burden is uneven relative to the national average context” — no national average or national case burden metric is provided."", ""“The top cohort is therefore best read as a small set of states with differing burden intensity, rather than a uniform national pattern” — interpretive synthesis beyond the structured fields."", ""“Demographic data are included for context only and are not used in risk scoring.” — no demographic data are present in the structured input."", ""“No partial completeness flags were provided for the enriched top cohort.” — no completeness flags are present in the structured input, but the term “enriched top cohort” is unsupported."", ""“The lowest-risk cohort is composed of states that remain below the national alarm level and serve as the baseline comparison group in the payload.” — no lowest-risk cohort or baseline comparison group is provided."", ""“In aggregate, this group is characterized by lower observed burden and less immediate signal intensity than the higher-concern states” — unsupported because the baseline group is not enumerated in the structured input."", ""“Watch for any shift toward wastewater-led detection in states that are not yet showing sustained case growth.” — general recommendation not grounded in provided fields."", ""“Monitor states with burden that remains above the national backdrop” — “national backdrop” is not provided."", ""“Keep an eye on any low-confidence or incomplete-data signals” — incomplete-data signals are not present in the structured input.""]","[""The report does not clearly preserve the exact structured fields for each top state in a compact, explicit way (state, risk_level, case_count, mmr_coverage, wastewater_signal, confidence_label)."", ""The report does not explicitly list the exact MMR coverage values for CO, WI, and PA."", ""The report does not explicitly list the exact case counts for CO, WI, and PA."", ""The report does not explicitly state the national_risk_level as a structured field summary separate from narrative."", ""The report introduces sections about population context, demographic note, and low-risk baseline states that are not supported by the provided JSON, while omitting a clean structured recap of the actual top_states array.""]"
23,grounded,2.659,high,1.0,0,0,1.0,1.0,1.0,1.0,1.0,1.0,1.0,0.0,1.0,0,"[""The statement 'No uncertainty adjustment is needed for the listed top states because all have a confidence label of High' is slightly overconfident; while the labels are High, the report should preserve the exact confidence scores and avoid implying uncertainty is irrelevant.""]",94.25,True,5,[],[]
24,baseline,4.545,high,1.0,0,0,1.0,0.7777777777777778,1.0,1.0,1.0,0.6,1.0,0.0,1.0,0,"[""Claims that there are no low-confidence states are unsupported because the structured input only provides high confidence for the three listed states and does not establish the absence of low-confidence states elsewhere."", ""The report implies broader certainty about national and cohort-level outlooks beyond the structured fields, which only specify national_risk_level and the top three states.""]",82.19,False,2,"[""The short-horizon outlook from the payload remains concerning, with the national signal elevated rather than settling into baseline conditions."", ""In the near term, the payload supports continued elevated activity rather than a rapid return to baseline."", ""The top cohort is positioned above baseline in aggregate."", ""Using cases_per_100k and delta_vs_national from the payload context, the cohort remains meaningfully elevated versus agent2.summary_stats.national_avg_cases_per_100k."", ""The aggregate picture is still above the national reference point."", ""The lowest-risk cohort sits at the baseline end of the distribution and appears operationally quieter than the top cohort, with lower overall concern and no indication of an immediate escalation pattern in the provided payload."", ""Watch for wastewater-led changes that could signal a shift in transmission before case counts move."", ""Keep an eye on states with burden above the national reference level, especially where activity remains sustained."", ""Demographic data are included for context only and are not used in risk scoring.""]","[""The report does not clearly and directly present the structured top_states list with all required fields for each state in a compact, faithful way."", ""The report does not explicitly preserve the exact confidence_score values alongside confidence_label for each state."", ""The report does not clearly state the national_risk_level in a structured, unambiguous summary format."", ""The report introduces several unsupported contextual sections instead of focusing on the required structured elements.""]"
24,grounded,2.758,high,1.0,0,0,1.0,1.0,1.0,1.0,1.0,1.0,1.0,0.0,1.0,0,[],94.25,True,5,[],[]
25,baseline,4.655,high,1.0,0,0,1.0,0.6666666666666666,1.0,1.0,1.0,0.6,1.0,0.0,1.0,0,"[""The report preserves the High confidence labels for all three states, but it also states “the aggregate top-cohort view is not being driven by low-confidence entries,” which is an inference not explicitly supported by the structured input."", ""The report implies certainty in several operational recommendations despite the limited input; these should be framed more explicitly as cautious interpretations."", ""It does not misuse confidence by downgrading or upgrading the provided labels, but it adds unsupported reliability commentary around confidence and completeness.""]",79.42,False,4,"[""“The top cohort is led by WI with 68 cases, followed by PA with 23 and CO with 16; the cohort’s burden is concentrated in those three states.” — ordering is supported, but “burden is concentrated” is an interpretive claim not explicitly stated in the input."", ""“The short-horizon picture is mixed” and “should be watched closely for changes in case activity and environmental signal strength.” — these are narrative interpretations not directly present in the structured input."", ""“Without the national average cases per 100k in the payload, the cohort cannot be normalized against the national benchmark requested here.” — no benchmark request exists in the structured input."", ""“Population bucket information was not included in the payload.” — population buckets are not present in the structured input, but this is an added meta-claim about missing fields."", ""“Demographic data are included for context only and are not used in risk scoring.” — demographic data are not present in the structured input."", ""“No partial data-completeness flags were provided for the enriched top cohort.” — completeness flags are not present in the structured input."", ""“No reliability exceptions are indicated in the payload.” — reliability exceptions are not present in the structured input."", ""“The payload does not include a broader baseline cohort summary or national comparison metrics.” — broader baseline cohort summary is not present in the structured input."", ""“Monitor whether the above-national burden in the top cohort expands beyond the current case-heavy states.” — “above-national burden” is unsupported because no national burden metric is provided.""]","[""The report does not explicitly list the three top states with their exact structured fields in a compact, direct summary format."", ""The report does not clearly present the exact case counts, risk levels, wastewater signals, and confidence labels together for each state in one place."", ""The report includes many sections about unavailable context instead of focusing on the required structured elements.""]"
25,grounded,2.453,high,1.0,0,0,1.0,1.0,1.0,1.0,1.0,1.0,1.0,0.0,1.0,0,[],94.25,True,5,[],[]
26,baseline,6.522,high,1.0,0,0,1.0,0.6666666666666666,1.0,1.0,1.0,0.6,1.0,0.0,1.0,0,"[""The report states “Confidence is High across the enriched top cohort,” which is consistent with the input, but it also implies broader confidence in derived interpretations not explicitly supported by the structured fields."", ""“No low-confidence states are identified in the supplied payload” is acceptable only if limited to the listed top states; the report does not clearly scope this statement and may overgeneralize beyond the provided cohort.""]",79.42,False,2,"[""“The short-horizon outlook remains elevated” — no short-horizon forecast or outlook field is present in the structured input."", ""“current signal driven by a mix of case activity and wastewater detection” — while the top cohort includes one wastewater-driven state and two case-driven states, the report frames this as a current national signal beyond the structured state-level data."", ""“CO has the highest aggregate burden among the listed states” — unsupported because the structured input does not define an aggregate burden metric; it only provides case counts, risk levels, MMR coverage, and wastewater signal."", ""“Relative to the national average cases per 100k” — no national average cases per 100k is provided in the input."", ""“The cohort is mixed in signal type ... supports a broader situational watch rather than a single-source interpretation” — interpretive conclusion not explicitly supported by the structured fields."", ""“Demographic data are included for context only” — no demographic data are present in the structured input."", ""“No partial data-completeness flags were provided for the enriched top cohort” — completeness flags are not part of the structured input, so this is an unsupported statement about absence."", ""“The lowest-risk cohort in the payload is represented by the low-risk states” — the input lists only top states and does not define a lowest-risk cohort."", ""“These states remain below the top cohort’s elevated concern profile” — comparative claim beyond the provided structured data."", ""“above-national burden persists or expands beyond the current top cohort” — no national burden metric or expansion forecast is provided.""]","[""The report does not explicitly preserve the structured confidence labels/scores for each top state in a compact, state-by-state form."", ""The report does not clearly present the exact MMR coverage values for CO, WI, and PA."", ""The report does not clearly present the exact case counts alongside each state in a concise structured summary, despite mentioning them later."", ""The report does not explicitly state the wastewater signal for each state in a direct state-by-state summary.""]"
26,grounded,2.73,high,1.0,0,0,1.0,1.0,1.0,1.0,1.0,1.0,1.0,0.0,1.0,0,[],94.25,True,5,[],[]
27,baseline,5.047,high,1.0,0,0,1.0,0.6666666666666666,0.6666666666666666,1.0,1.0,0.6,1.0,0.0,1.0,0,"[""States CO, WI, and PA are correctly labeled as High confidence, but the report adds unsupported statements about no low-confidence states and no partial data-completeness flags."", ""The report implies broader confidence and completeness assessments beyond the structured input, which only provides confidence for the three listed top states.""]",76.08,False,3,"[""The short-horizon outlook remains elevated, with the current signal driven by a mix of case activity and wastewater detection."", ""The top cohort is led by CO, WI, and PA; all three are currently in the enriched top-state set."", ""No forecast probabilities or national baseline metrics were included in the payload."", ""The cohort’s burden should be interpreted against the national average cases-per-100k value from the agent summary, but that national average was not included in the payload."", ""The enriched top cohort is therefore best read as a high-visibility signal set rather than a fully normalized ranking."", ""Demographic data are included for context only and are not used in risk scoring."", ""No partial data-completeness flags were provided for the enriched top cohort."", ""The lowest-risk cohort is represented by states outside the enriched top set, but the payload does not provide the baseline cohort list or its aggregate metrics."", ""the lower-risk group is not currently driving the national high-risk signal, and it appears less prominent than the top cohort in the provided snapshot."", ""Watch for new wastewater-led signals that could indicate rising transmission before case counts fully increase."", ""Monitor any states whose burden rises above the national pattern, especially if they move into the enriched top cohort."", ""Treat any low-confidence or incomplete-data signals cautiously until reporting stabilizes.""]","[""The report does not explicitly preserve the structured fields for each top state in a compact structured form (state, risk_level, case_count, mmr_coverage, wastewater_signal, confidence_label, confidence_score)."", ""The report does not clearly present the exact mmr_coverage values for CO, WI, and PA."", ""The report does not clearly present the exact wastewater_signal labels for each top state in a concise state-by-state summary."", ""The report does not explicitly state the national_risk_level as a structured field, though it is mentioned in prose.""]"
27,grounded,2.573,high,1.0,0,0,1.0,1.0,1.0,1.0,1.0,1.0,1.0,0.0,1.0,0,"[""The statement 'No uncertainty adjustment is needed for the top states because all provided confidence labels are High' is acceptable but slightly interpretive; it does not misuse confidence, but it adds a conclusion not explicitly stated in the structured input.""]",94.25,True,5,[],[]
28,baseline,5.264,high,1.0,0,0,1.0,0.6666666666666666,1.0,1.0,1.0,0.6,1.0,0.0,1.0,0,"[""The report states all three states have High confidence, which matches the input, but then discusses low-confidence or incomplete data streams despite no such confidence labels being present in the structured input."", ""The report implies additional reliability and operational monitoring judgments beyond the provided confidence labels and scores.""]",79.42,False,2,"[""The short-horizon outlook remains elevated, with the current signal driven by a mix of case activity and wastewater detection."", ""This suggests continued near-term monitoring is warranted across both syndromic and laboratory-confirmed channels."", ""In aggregate, the top cohort includes one state with a higher normalized burden than the others."", ""WI has the largest case count in the cohort at 68, while PA has 23; however, the payload does not provide cases_per_100k or delta_vs_national, so normalized comparison cannot be completed from the supplied data."", ""The national average cases_per_100k from agent2.summary_stats.national_avg_cases_per_100k was not included in the payload, so a direct benchmark is unavailable."", ""Population context cannot be described from the supplied JSON without adding unsupported inference."", ""Demographic data are included for context only and are not used in risk scoring."", ""No data_completeness_flag values were provided, so partial-completeness states cannot be identified from the payload."", ""The main reliability limitation is missing normalized metrics and summary-stat fields, not confidence in the listed states."", ""The lowest-risk cohort in the supplied data is composed of states labeled low risk, with WI and PA falling below the medium-risk state in the top cohort."", ""Even so, both remain part of the active national measles picture, so they should be viewed as lower-risk relative to the cohort rather than inactive or resolved."", ""Watch for wastewater-led changes that could precede a broader shift in the national signal."", ""Track whether states with above-national burden continue to add cases or remain contained."", ""Keep an eye on any low-confidence or incomplete data streams before making operational changes.""]","[""The report does not explicitly preserve the structured confidence_score values for each state."", ""The report does not clearly enumerate all required structured fields in a compact state-by-state format."", ""The report introduces multiple sections about population context, demographic note, and data gaps that are not supported by the structured input and distract from the required elements.""]"
28,grounded,2.45,high,1.0,0,0,1.0,1.0,1.0,1.0,1.0,1.0,1.0,0.0,1.0,0,[],94.25,True,5,[],[]
29,baseline,4.557,high,1.0,0,0,1.0,0.6666666666666666,1.0,1.0,1.0,0.6,1.0,0.0,1.0,0,"[""The report correctly preserves High confidence for the three listed states, but it adds a broader statement that the short-horizon view is not dominated by low-confidence inputs, which is not explicitly supported by the structured input."", ""The report implies reliability conclusions from confidence labels beyond the provided state-level confidence values, without any additional uncertainty quantification.""]",79.42,False,3,"[""Claims about a \""mixed top cohort\"" being \""anchored\"" by one medium-risk state and two low-risk states are supported, but the framing of a \""short-horizon outlook\"" is not explicitly present in the structured input."", ""\""No additional forecast detail is available in the provided payload beyond the national risk level and cohort signals\"" is not directly supported by the structured input."", ""\""The cohort’s aggregate burden should be interpreted against the national average once the full report inputs are available\"" introduces an interpretation and reference to a national average not present in the structured input."", ""\""Population context is not included in the provided payload\"" is unsupported because the structured input simply does not include population fields; this is a meta-comment rather than grounded report content."", ""\""Demographic data are included for context only and are not used in risk scoring\"" is unsupported; no demographic data are present in the structured input."", ""\""No states in the enriched top cohort are flagged with partial data completeness\"" is unsupported; completeness/partial-data fields are not provided."", ""\""The lowest-risk cohort in the provided payload is composed of states assessed as low risk\"" is unsupported because only the top_states list and national_risk_level are provided, not a lowest-risk cohort."", ""\""Watch for any shift toward wastewater-led detection in states already showing early signal changes\"" is speculative and not grounded in the structured input."", ""\""Monitor whether states with above-national burden begin to broaden beyond the current top cohort\"" is unsupported; above-national burden is not provided."", ""\""Keep an eye on any low-confidence or incomplete-data updates that could change the near-term readout\"" is unsupported because no incomplete-data updates are provided.""]","[""The report does not explicitly present the structured top_states as a concise table or equivalent structured summary with all required fields together."", ""The report omits the exact confidence scores (1.0) for each state, preserving only the High label."", ""The report does not clearly state the case counts, risk levels, wastewater signals, and confidence labels for all three states in one compact required summary."", ""The report introduces several sections unrelated to the provided structured input instead of focusing tightly on the required structured elements.""]"
29,grounded,2.762,high,1.0,0,0,1.0,1.0,1.0,1.0,1.0,1.0,1.0,0.0,1.0,0,[],94.25,True,5,[],[]
30,baseline,5.046,high,1.0,0,0,1.0,0.6666666666666666,1.0,1.0,1.0,0.6,1.0,0.0,1.0,0,"[""The report correctly preserves all listed states as High confidence and does not downgrade certainty."", ""However, it implies stability/comparative confidence beyond the provided confidence labels by stating the short-horizon view is “comparatively stable,” which is not directly supported by confidence metadata.""]",80.67,False,4,"[""“The top cohort’s aggregate burden is concentrated in Wisconsin and Pennsylvania by case count” — this is an interpretation not explicitly stated in the structured input, though it is inferable from the case counts."", ""“The short-horizon view is comparatively stable” — stability is not provided in the structured input."", ""“The lowest-risk cohort in the payload is represented by the states marked low risk, which together form a comparatively calmer baseline” — the notion of a baseline/calmness is interpretive and not explicitly provided."", ""“Watch for any shift toward wastewater-led activity in the currently lower-risk states” — future wastewater shift is speculative and not supported by the structured input.""]",[]
30,grounded,2.588,high,1.0,0,0,1.0,1.0,1.0,1.0,1.0,1.0,1.0,0.0,1.0,0,[],94.25,True,5,[],[]
31,baseline,4.681,high,1.0,0,0,1.0,0.3333333333333333,0.6666666666666666,1.0,1.0,0.6,1.0,0.0,1.0,0,"[""Refers to the top cohort as a 'high-confidence enriched set' without that exact cohort-level label being provided in the structured input."", ""States 'no partial completeness flags are shown in the payload' and discusses completeness caveats, but no completeness flag field exists in the structured input."", ""Mentions 'low-confidence or incomplete data signals' despite all provided states having High confidence and no low-confidence values in the structured input.""]",67.75,False,2,"[""The short-horizon outlook remains elevated."", ""The current signal is concentrated in the top cohort."", ""The dominant signal mix is mixed."", ""The leading cohort continues to show active burden."", ""The cohort includes both above-baseline and lower-burden states relative to the national average."", ""The lowest-risk cohort is represented by states in the low risk tier, with the available payload showing a lower-risk baseline relative to the national high setting."", ""These states still include measurable case activity."", ""Treat any low-confidence or incomplete data signals as a cue for follow-up validation.""]","[""The report does not explicitly preserve the structured top_states fields for each state (risk_level, case_count, mmr_coverage, wastewater_signal, confidence_label, confidence_score) in a clear structured summary."", ""The report does not clearly state the exact case counts and MMR coverage values for CO, WI, and PA."", ""The report does not clearly identify that CO is medium risk while WI and PA are low risk."", ""The report does not clearly identify that CO is wastewater-driven while WI and PA are case-driven."", ""The report does not clearly preserve the confidence_score of 1.0 for each top state.""]"
31,grounded,2.261,high,1.0,0,0,1.0,1.0,1.0,1.0,1.0,1.0,1.0,0.0,1.0,0,[],94.25,True,5,[],[]
32,baseline,5.068,high,1.0,0,0,1.0,0.3333333333333333,0.6666666666666666,1.0,1.0,0.6,1.0,0.0,1.0,0,"[""States are described as 'currently flagged with High confidence' without preserving the structured confidence labels/scores explicitly in a structured way; however this is mostly consistent with the input."", ""The report implies certainty in several derived statements ('supports near-term monitoring', 'above the national average burden') that are not supported by provided confidence or numeric comparison fields.""]",67.75,False,2,"[""The short-horizon forecast remains elevated."", ""The current signal concentrated in a small set of states."", ""The top cohort includes CO, WI, and PA; all three are currently flagged with High confidence."", ""Signals are mixed across the cohort, with one state showing a wastewater-driven pattern and two showing case-driven patterns."", ""The top cohort in aggregate is above the national average burden implied by the payload’s high national risk setting."", ""The cohort is small, so the aggregate view should be interpreted as a focused watchlist rather than a broad national distribution."", ""The lowest-risk cohort is represented by states outside the top watchlist."", ""The payload does not include population buckets for the listed states."", ""Demographic data are included for context only and are not used in risk scoring."", ""No partial data_completeness_flag values were provided for the enriched top cohort."", ""The payload does not include additional completeness metadata beyond confidence labels."", ""The payload does not include the full underlying report inputs, national rate statistics, or additional completeness fields.""]","[""Explicit state-level structured details for each top state: risk_level, case_count, mmr_coverage, wastewater_signal, confidence_score."", ""Clear preservation of the exact confidence_score values alongside confidence labels."", ""Avoidance of unsupported national-average and aggregate burden comparisons."", ""No evidence-based baseline cohort from the structured input; the report discusses low-risk baseline states without explicit support.""]"
32,grounded,2.447,high,1.0,0,0,1.0,1.0,1.0,1.0,1.0,1.0,1.0,0.0,1.0,0,[],94.25,True,5,[],[]
33,baseline,4.888,high,1.0,0,0,1.0,0.3333333333333333,1.0,1.0,1.0,0.6,1.0,0.0,1.0,0,"[""The report correctly preserves High confidence for all three states and does not invent low-confidence states."", ""However, it implies broader reliability/interpretive certainty in statements like “clearest early warning” and “highest-attention group” without explicit confidence support.""]",72.33,False,4,"[""“The top cohort’s aggregate burden is concentrated in WI and PA by case count” — this is inferable from case counts, but the phrasing “aggregate burden” adds interpretation not explicitly present in the structured input."", ""“Compared with the national average cases per 100k, the cohort appears to sit above baseline in practical burden terms” — no national average cases per 100k or per-100k values are provided, so this is unsupported."", ""“The highest-attention group in the payload” — subjective characterization not present in the structured input."", ""“The lowest-risk cohort ... provide the lower-intensity reference point” — the baseline/reference framing is interpretive and not explicitly stated in the structured input."", ""“Watch for wastewater-led changes first, since that signal is the clearest early warning in the cohort” — the input identifies one state as wastewater-driven, but does not support the broader claim that this is the clearest early warning.""]","[""No explicit listing of the three top states with their exact risk levels, case counts, MMR coverage, wastewater signal, and confidence labels in a compact structured summary."", ""No direct mention of the exact MMR coverage values for CO, WI, and PA."", ""No explicit statement that the national risk level is high in a concise summary table or bullet list tied to the structured fields.""]"
33,grounded,4.369,high,1.0,0,0,1.0,1.0,1.0,1.0,1.0,1.0,1.0,0.0,1.0,0,[],94.25,True,5,[],[]
34,baseline,5.481,high,1.0,0,0,1.0,0.3333333333333333,1.0,1.0,1.0,0.6,1.0,0.0,1.0,0,"[""States all three top states are reported with high confidence is supported, but the report generalizes this into stable read on the current signal mix, which overstates what confidence labels alone justify."", ""The report implies reliability and stability from high confidence without noting that confidence_score is 1.0 for all states; this is acceptable if preserved, but the narrative adds interpretive certainty beyond the structured fields.""]",71.08,False,2,"[""The short-horizon outlook is anchored by a mixed top cohort."", ""The highest-concern state in the cohort is wastewater-driven."", ""The top cohort’s aggregate burden is concentrated in WI and PA by case count."", ""Relative to the national average cases per 100k, the cohort cannot be numerically normalized here because agent2.summary_stats.national_avg_cases_per_100k was not included in the payload."", ""Using the provided case counts alone, the cohort is not uniform."", ""Population descriptors are not needed to interpret the provided risk labels."", ""Demographic data are included for context only and are not used in risk scoring."", ""No partial data_completeness_flag values were provided for the enriched top cohort."", ""The lowest-risk cohort in the payload is composed of states labeled low risk, indicating a comparatively calmer baseline than the national high-risk posture."", ""Within that lower-risk group, the signals are still mixed in origin, but the overall aggregate remains below the medium-risk state in the top cohort."", ""Watch for whether the wastewater-led signal broadens beyond the current medium-risk state."", ""Track whether the states with above-national burden continue to add cases or stabilize."", ""Recheck any low-confidence or incomplete inputs if they appear in the next payload, since they can shift the read on the cohort.""]","[""The report does not explicitly list the three top states with their exact structured attributes in a compact structured summary."", ""The report does not preserve the exact case counts, MMR coverage values, and confidence scores for CO, WI, and PA in a clearly attributable way."", ""The report introduces several unsupported contextual sections (population context, demographic note, low-risk baseline states) instead of focusing on the provided structured fields.""]"
34,grounded,2.558,high,1.0,0,0,1.0,1.0,1.0,1.0,1.0,1.0,1.0,0.0,1.0,0,[],94.25,True,5,[],[]
35,baseline,4.93,high,1.0,0,0,1.0,0.8888888888888888,1.0,0.3333333333333333,1.0,0.6,1.0,0.0,1.0,0,"[""The report states 'All three top-cohort states carry High confidence' correctly, but then infers there are 'no low-confidence flags to call out' without structured evidence of other states or flags."", ""The report implies certainty about forecast and baseline interpretation despite the structured input only providing confidence labels for the listed states, not for national outlook statements.""]",78.31,False,2,"[""Claims about a 'short-horizon forecast' and 'forecast implication' are not supported by the structured input, which only provides current risk levels and signals."", ""Statements about 'national baseline still above a low-risk posture' and 'conditions remain above baseline' are not present in the structured input."", ""References to 'cases_per_100k', 'delta_vs_national', 'national_avg_cases_per_100k', and per-capita comparisons are unsupported because these fields are not in the structured input."", ""Claim that the cohort's burden is 'meaningfully elevated versus agent2.summary_stats.national_avg_cases_per_100k' is unsupported."", ""Assertion that the national signal is 'not being driven by a single isolated state' is unsupported."", ""Statements about 'population-bucket detail', 'population stratification', and 'demographic data' are unsupported because no such fields appear in the structured input."", ""Claims about 'no partial data_completeness_flag' and 'low-confidence flags' are unsupported because completeness flags are not provided in the structured input."", ""Descriptions of the 'lowest-risk cohort' being 'comparatively stable' and 'below the elevated national signal' are not directly supported by the structured input."", ""Recommendations such as 'watch for wastewater-led changes', 'track whether states remain elevated or spread', and 'keep an eye on new low-confidence or incomplete-data signals' go beyond the structured input.""]","[""The report does not clearly preserve the structured confidence_score values (1.0) for the top states."", ""The report does not explicitly list the structured top-state fields in a compact, faithful way (state, risk_level, case_count, mmr_coverage, wastewater_signal, confidence_label)."", ""The report omits the exact MMR coverage values for each state, instead giving only a range."", ""The report does not explicitly identify PA as case-driven and WI as case-driven, while CO is wastewater-driven.""]"
35,grounded,2.297,high,1.0,0,0,1.0,1.0,1.0,1.0,1.0,1.0,1.0,0.0,1.0,0,[],94.25,True,5,[],[]
36,baseline,5.932,high,1.0,0,0,1.0,0.6666666666666666,0.6666666666666666,0.0,1.0,0.6,1.0,0.0,1.0,0,"[""States that are High confidence are correctly labeled, but the report adds unsupported certainty about short-horizon forecasts and baseline status that is not present in the structured input."", ""The report implies confidence in national outlook and low-risk baseline comparisons without structured confidence labels or scores for those claims."", ""The report mentions potential weakening confidence/completeness changes, but no such fields are present in the structured input excerpt.""]",66.08,False,2,"[""The short-horizon outlook from the payload remains elevated, with the national signal not yet back to baseline."", ""The near-term forecast implied by the payload is still elevated rather than settling into a low-risk baseline."", ""MMR coverage in these states is in the low-90% range, which is useful context for situational awareness but does not change the risk label in the payload."", ""In the top cohort, WI has the highest aggregate burden at 68 cases, well above the national average cases-per-100k reference in the payload context."", ""PA and CO are also above the national average reference, but their aggregate burdens are lower than WI."", ""The cohort’s cases_per_100k pattern is therefore uneven, with one state carrying a notably larger share of the observed burden."", ""delta_vs_national is positive for the top cohort overall, indicating the enriched states are running above the national reference level."", ""The payload does not provide population_bucket values in the structured input shown here."", ""No partial data_completeness_flag values are shown in the provided top cohort."", ""No major reliability caveats are exposed in the structured input excerpt."", ""The lowest-risk cohort is described in the payload as a comparatively stable baseline group with lower aggregate burden than the enriched top states."", ""These states sit closer to the national reference level and do not show the same elevated short-horizon concern as the top cohort."", ""Watch for wastewater-led changes that could precede a broader shift in transmission signals."", ""Monitor whether the above-national burden in the enriched top cohort persists or begins to ease."", ""Keep an eye on any states where confidence weakens or completeness becomes partial, since that would reduce certainty in the near-term readout.""]","[""The report does not clearly and directly present the exact structured fields for each top state in a compact, faithful way (state, risk_level, case_count, mmr_coverage, wastewater_signal, confidence_label)."", ""The report omits the explicit wastewater_signal values for each top state in the main summary."", ""The report does not explicitly state the national_risk_level as a structured field label in a concise summary format.""]"
36,grounded,2.638,high,1.0,0,0,1.0,1.0,1.0,1.0,1.0,1.0,1.0,0.0,1.0,0,[],94.25,True,5,[],[]
37,baseline,4.679,high,1.0,0,0,1.0,0.5555555555555556,1.0,1.0,1.0,0.6,1.0,0.0,1.0,0,"[""The report states 'Confidence is high for all three top-cohort states' correctly, but also implies broader certainty about national baseline and cohort interpretation without structured support."", ""It references 'low-confidence or partial-completeness updates' as if such fields exist in the provided payload, but these are not present in the structured input.""]",76.64,False,2,"[""The short-horizon outlook in the payload is anchored by a high national baseline, with the top cohort showing mixed signals across states."", ""Coverage values in the cohort are in the low-90s, which suggests the near-term picture should be read as a mixed operational signal rather than a uniform national pattern."", ""Relative to the national average cases per 100k in the payload, the cohort appears above baseline in aggregate, with the strongest burden concentrated in the higher-case state."", ""The cohort’s spread in cases_per_100k and delta_vs_national indicates that the elevated burden is not uniform across the group."", ""Compared with agent2.summary_stats.national_avg_cases_per_100k, the top cohort sits on the higher side overall, but the states are not all equally elevated."", ""The lowest-risk cohort is characterized by lower overall operational concern than the national high-risk backdrop, with states in that group showing comparatively lighter burden and more stable signals."", ""In aggregate, this cohort serves as the baseline reference against which the higher-burden states in the top cohort should be interpreted."", ""Demographic data are included for context only and are not used in risk scoring."", ""No partial completeness flags are shown in the enriched top cohort."", ""No low-confidence states are shown in the enriched top cohort.""]","[""The report does not explicitly enumerate the three top states with their structured attributes (CO medium 16 90.586... Wastewater-driven High; WI low 68 91.730... Case-driven High; PA low 23 93.804... Case-driven High)."", ""The report does not clearly preserve the exact mmr_coverage values from the structured input."", ""The report does not clearly preserve the exact confidence_score values of 1.0 for each top-cohort state."", ""The report introduces unsupported fields and concepts such as cases_per_100k, delta_vs_national, population-bucket fields, and detailed national summary statistics.""]"
37,grounded,2.66,high,1.0,0,0,1.0,1.0,1.0,1.0,1.0,1.0,1.0,0.0,1.0,0,[],94.25,True,5,[],[]
38,baseline,4.759,high,1.0,0,0,1.0,0.6666666666666666,0.6666666666666666,1.0,1.0,0.6,1.0,0.0,1.0,0,"[""States that confidence is generally high across the top cohort and that no low-confidence state exists, which is supported, but it also implies broader reliability beyond the provided fields."", ""Mentions confidence weakening and completeness becoming partial as watch items, which are not supported by the structured input."", ""Uses 'high risk' and 'elevated' national/short-horizon language beyond the single provided national_risk_level without explicit forecast support.""]",76.08,False,2,"[""The short-horizon outlook remains elevated."", ""The current signal is dominated by a mix of case activity and wastewater-led detection."", ""The highest-risk state in the cohort is CO."", ""The top cohort is concentrated in CO, WI, and PA."", ""The cohort’s normalized burden should be read against the national average cases per 100k from agent2.summary_stats.national_avg_cases_per_100k."", ""delta_vs_national was not supplied in the input."", ""No top-cohort state is marked with partial data_completeness_flag in the provided payload."", ""No top-cohort state is labeled with Low confidence; all listed states are High confidence."", ""The lowest-risk cohort in the provided inputs is represented by the lower-risk states in the active set."", ""This briefing is based only on the structured payload provided."", ""Several requested normalization fields were not present in the input, so those elements could not be computed or quoted here.""]","[""The report does not clearly preserve the structured top-state fields in a compact, explicit state-by-state format (state, risk_level, case_count, mmr_coverage, wastewater_signal, confidence_label)."", ""The report does not explicitly present the exact mmr_coverage values for CO, WI, and PA."", ""The report does not explicitly present the exact wastewater_signal values for each top state in a concise structured summary."", ""The report does not explicitly state the confidence_score values for each top state."", ""The report introduces many unavailable normalization and demographic sections instead of focusing on the provided structured elements.""]"
38,grounded,2.557,high,1.0,0,0,1.0,1.0,1.0,1.0,1.0,1.0,1.0,0.0,1.0,0,[],94.25,True,5,[],[]
39,baseline,5.383,high,1.0,0,0,1.0,0.8888888888888888,1.0,1.0,1.0,0.6,1.0,0.0,1.0,0,"[""States that all three top-cohort states are marked High confidence is supported, but the report adds interpretive certainty such as 'supports a stable read on the current situation' without structured evidence."", ""Mentions no low-confidence states are present, which is not supported by the provided structured JSON because only top_states are given and no broader cohort confidence distribution is available.""]",84.97,True,3,"[""The short-horizon outlook remains elevated."", ""The current signal is driven by a mix of case activity and wastewater detection."", ""The strongest near-term concern is centered on the wastewater-led state."", ""CO is the highest normalized burden state in aggregate."", ""The payload does not include cases_per_100k, delta_vs_national, or agent2.summary_stats.national_avg_cases_per_100k."", ""The payload does not include population buckets for the top cohort."", ""Demographic data are included for context only and are not used in risk scoring."", ""No partial completeness flags were provided for the enriched top cohort."", ""The lowest-risk cohort is described in the payload as the baseline group with comparatively lower concern than the top cohort."", ""Monitor whether states already above the national burden remain elevated or begin to spread into adjacent jurisdictions."", ""Keep an eye on any new low-confidence or partially complete data inputs that could change the interpretation of the current signal.""]","[""The report does not explicitly list the structured top_states as a compact structured summary with all required fields (state, risk_level, case_count, mmr_coverage, wastewater_signal, confidence_label, confidence_score)."", ""The report does not clearly preserve the exact confidence_score values of 1.0 for each top state."", ""The report introduces multiple unsupported sections about normalization, population context, demographic note, and low-risk baseline states without corresponding structured data.""]"
39,grounded,2.652,high,1.0,0,0,1.0,1.0,1.0,1.0,1.0,1.0,1.0,0.0,1.0,0,[],94.25,True,5,[],[]
40,baseline,5.17,high,1.0,0,0,1.0,0.6666666666666666,1.0,1.0,1.0,0.6,1.0,0.0,1.0,0,"[""States are described as having high confidence, which is supported, but the report also implies additional reliability/completeness assessments not present in the structured input."", ""The report states 'No partial completeness flags are shown' and 'No major reliability gaps are indicated,' which overstates certainty beyond the provided confidence labels/scores.""]",79.42,False,2,"[""The short-horizon outlook from the payload is anchored by a high national baseline."", ""The highest-risk cohort includes one medium-risk state and two low-risk states, with one state flagged as wastewater-driven."", ""Wisconsin has the highest case burden at 68 cases, which is above the national average cases per 100k in the payload context."", ""The cohort’s normalized burden is therefore not uniform: one state sits clearly above the national average cases per 100k, while the others are closer to a lower-burden profile."", ""The delta_vs_national context for the top cohort indicates the highest-burden state is above national baseline, with the remaining states less elevated relative to that benchmark."", ""The provided payload does not include population buckets for these states."", ""No partial completeness flags are shown in the enriched top cohort."", ""No major reliability gaps are indicated in the provided structured input."", ""The lowest-risk cohort is composed of states with lower observed burden and lower relative concern than the top cohort, forming a more stable baseline against which the higher-burden states can be compared."", ""In aggregate, this group appears less pressured than the top cohort and does not show the same level of short-horizon concern.""]","[""The report does not explicitly preserve the structured confidence scores (1.0) alongside the High labels."", ""The report does not clearly enumerate the top states with their exact structured fields in a compact, faithful way (state, risk level, case count, MMR coverage, wastewater signal, confidence)."", ""The report introduces unsupported contextual sections (population context, demographic note, data gaps) instead of focusing on the structured elements provided.""]"
40,grounded,3.353,high,1.0,0,0,1.0,1.0,1.0,1.0,1.0,1.0,1.0,0.0,1.0,0,"[""Says 'No uncertainty adjustment is needed' based solely on High confidence labels; this is acceptable but slightly overstates certainty by implying confidence labels eliminate all uncertainty.""]",94.25,True,5,[],[]
41,baseline,5.711,high,1.0,0,0,1.0,0.6666666666666666,1.0,1.0,1.0,0.6,1.0,0.0,1.0,0,"[""States are described as having 'High' confidence, which is supported, but the report also introduces unsupported reliability/completeness statements (e.g., partial data completeness) that imply additional confidence metadata not present in the input."", ""The report implies certainty about normalized burden and national comparisons that cannot be supported from the structured input.""]",79.42,False,2,"[""The short-horizon outlook from the payload indicates continued concern, with the national signal remaining elevated."", ""In the near term, the available structured input supports continued monitoring rather than de-escalation."", ""CO has the highest normalized burden at 16.00 cases per 100k."", ""WI shows 68.00 cases per 100k, and PA shows 23.00 cases per 100k."", ""WI is the highest on cases per 100k, followed by PA, then CO."", ""The payload does not include the national average cases per 100k needed to complete the requested aggregate comparison against agent2.summary_stats.national_avg_cases_per_100k."", ""Population context is not included in the provided JSON."", ""No population bucket fields were supplied for the top cohort."", ""Demographic data are included for context only and are not used in risk scoring."", ""No states in the enriched top cohort are marked partial on data completeness in the provided payload."", ""No states in the enriched top cohort have Low confidence; all three are labeled High confidence."", ""The lowest-risk cohort in the supplied payload is represented by the states labeled low risk, which are WI and PA."", ""Watch for wastewater-led changes in signal, especially where the pattern shifts away from case-driven detection."", ""Track whether states with above-national burden continue to add cases or begin to stabilize."", ""Keep an eye on any states where confidence weakens or completeness becomes partial, since that would reduce reliability.""]","[""The report does not clearly preserve the structured fields as given without adding unsupported derived metrics."", ""The report does not explicitly present the exact structured values for mmr_coverage for each state."", ""The report does not explicitly present the exact structured values for wastewater_signal for each state in a compact required summary."", ""The report does not clearly distinguish that only the provided top cohort and national risk level are available, while many added sections are speculative or unsupported.""]"
41,grounded,3.559,high,1.0,0,0,1.0,1.0,1.0,1.0,1.0,1.0,1.0,0.0,1.0,0,[],94.25,True,5,[],[]
42,baseline,6.309,high,1.0,0,0,1.0,0.7777777777777778,1.0,1.0,1.0,0.6,1.0,0.0,1.0,0,"[""The report preserves 'High' confidence for the listed top states, but it overextends this into claims of the near-term picture being 'relatively stable' and 'no low-confidence states' without explicit support from the structured input."", ""The report implies reliability judgments based on missing completeness flags, but such flags are not provided in the structured input.""]",82.19,False,2,"[""References to `agent2.summary_stats.national_avg_cases_per_100k` and `delta_vs_national` are not present in the structured input."", ""Claims about `cases_per_100k`, national average cases-per-100k baseline, and aggregate burden above/below baseline are unsupported by the structured input."", ""Statements about a 'dashboard', 'compact cards', 'enriched top cohort', and 'broader context' are not supported by the structured input."", ""The report says 'No partial completeness flags are shown' and 'no low-confidence states' beyond the provided cohort; the structured input does not include completeness flags or any states outside the top cohort."", ""The report mentions 'population buckets' and 'demographic data' as if they are part of the payload context, but these are not present in the structured input.""]","[""Explicit listing of the three top states with their state codes, risk levels, case counts, MMR coverage, wastewater signal, and confidence labels/scores in a compact structured summary."", ""Clear separation of supported structured facts from speculative interpretation; the report includes unsupported normalized-context discussion instead."", ""Direct mention that the national risk level is high and that the top cohort consists of CO (medium, 16 cases, wastewater-driven), WI (low, 68 cases, case-driven), and PA (low, 23 cases, case-driven).""]"
42,grounded,2.918,high,1.0,0,0,1.0,1.0,1.0,1.0,1.0,1.0,1.0,0.0,1.0,0,[],94.25,True,5,[],[]
43,baseline,5.315,high,1.0,0,0,1.0,0.8888888888888888,1.0,1.0,1.0,0.6,1.0,0.0,1.0,0,"[""The report preserves the High confidence labels for all three states, but adds qualitative certainty language such as 'comparatively stable' and 'above-national burden' without supporting confidence or comparison data."", ""The report implies reliability/completeness assessments ('No states ... flagged with partial data completeness') that are not grounded in the provided confidence fields.""]",84.97,True,3,"[""References to `agent2.summary_stats.national_avg_cases_per_100k` and `cases_per_100k` / `delta_vs_national` are not supported by the structured input."", ""Statements about 'above-national burden' and 'national average cases per 100k' are unsupported because no national average or per-100k metrics are provided."", ""Claims that the cohort is 'comparatively stable' and that the short-horizon signal is shaped by the 'current top cohort' are interpretive additions not explicitly present in the structured input."", ""The statement 'No states in the enriched top cohort are flagged with partial data completeness' is unsupported because data completeness is not included in the structured input."", ""The statement 'Demographic data are included for context only and are not used in risk scoring' is unsupported because no demographic data are present in the structured input.""]","[""The report does not explicitly list the structured top states in a compact state-by-state format with all required fields together (state, risk level, case count, MMR coverage, wastewater signal, confidence)."", ""The report does not clearly distinguish that the national risk level is high while the top cohort contains one medium-risk and two low-risk states in a concise structured summary."", ""The report includes several filler sections that do not add information from the structured input, reducing focus on the required structured elements.""]"
43,grounded,2.664,high,1.0,0,0,1.0,1.0,1.0,1.0,1.0,1.0,1.0,0.0,1.0,0,[],94.25,True,5,[],[]
44,baseline,5.773,high,1.0,0,0,1.0,0.3333333333333333,1.0,1.0,1.0,0.6,1.0,0.0,0.0,0,"[""The report states 'Confidence is high for all states in the provided top cohort' and 'No low-confidence states are present,' which is consistent with the input, but it also implies broader reliability for derived interpretations that are not supported by the structured data."", ""The report does not misuse the provided confidence labels directly, but it overextends high confidence to unsupported narrative claims.""]",68.08,False,2,"[""The short-horizon outlook remains elevated."", ""The current signal is driven by a mix of case activity and wastewater detection."", ""In the near term, the signal is being shaped by both reported cases and wastewater-led detection, suggesting continued monitoring is warranted."", ""CO has the highest aggregate burden relative to the national average."", ""WI shows the largest case count in the cohort at 68 cases, with burden also above the national average context provided by the payload."", ""PA has 23 cases and remains above the national average context."", ""The cohort’s aggregate burden is elevated relative to the national average context, with all three states sitting above that baseline."", ""The lowest-risk cohort is composed of states assessed as low risk, indicating a comparatively calmer baseline than the national picture."", ""In this payload, that baseline is represented by states with case-driven signals and high confidence, while the national level remains elevated overall."", ""Watch for any new wastewater-led signals that could indicate rising activity before case counts change."", ""Monitor states already running above the national burden context for any further increase in reported cases."", ""Keep an eye on any future confidence downgrades or completeness issues that could reduce reliability.""]","[""The report does not clearly preserve the structured top-state fields in a compact, explicit way for each state (state, risk level, case count, MMR coverage, wastewater signal, confidence label)."", ""MMR coverage values for CO, WI, and PA are not reported."", ""The exact confidence scores (1.0 for each state) are not reported."", ""The report does not explicitly state that the national risk level is high in a structured summary format tied to the input.""]"
44,grounded,2.659,high,1.0,0,0,1.0,1.0,1.0,1.0,1.0,1.0,1.0,0.0,1.0,0,"[""Says 'No uncertainty caveat is needed for the top states because none are labeled low, moderate, or medium confidence.' This is acceptable given all confidence labels are High, but it slightly overstates the absence of any need for caution rather than simply noting high confidence.""]",94.25,True,5,[],[]
45,baseline,4.825,high,1.0,0,0,1.0,0.4444444444444444,0.6666666666666666,1.0,1.0,0.6,1.0,0.0,1.0,0,"[""The report states all listed top-cohort states carry High confidence, which is supported, but it also implies broader certainty about forecast and national outlook that is not present in the structured input."", ""The report introduces cautionary language about low-confidence or incomplete-data signals, but no such low-confidence states or incomplete-data flags are present in the structured input.""]",70.53,False,2,"[""The short-horizon forecast remains elevated, with the current signal dominated by the national burden rather than isolated state-level spikes."", ""The forecast should be interpreted as sustained elevated attention rather than a short-lived flare."", ""No additional numeric forecast fields were provided in the payload."", ""CO has the highest normalized burden at 16.00 cases per 100k, which is above the national average cases per 100k in the payload context."", ""WI shows the largest absolute case count in the cohort, but its normalized burden is still the relevant comparison point for aggregate context; it remains above the national average benchmark used in the dashboard."", ""PA is also above the national average cases per 100k benchmark, though below CO on normalized burden."", ""Taken together, the top cohort sits above the national average cases per 100k, indicating that the active watch states are not just reflecting background noise."", ""The top cohort spans states with different population sizes, so raw case counts should be read alongside normalized burden."", ""Population bucket detail was not included in the payload, so no further descriptive grouping is available."", ""Demographic data are included for context only and are not used in risk scoring."", ""No partial data-completeness flags were provided for the enriched top cohort."", ""No additional reliability caveats were supplied in the payload."", ""The lowest-risk cohort is described in the payload as a lower-burden baseline relative to the active watch states, with no indication of an elevated national contribution from that group."", ""These states serve as the comparison floor for the current situation and are not the focus of immediate operational concern.""]","[""The report does not clearly preserve the structured top-state fields for each state in a compact, explicit way: risk_level, case_count, mmr_coverage, wastewater_signal, confidence_label, and confidence_score."", ""The report omits the exact mmr_coverage values for CO, WI, and PA."", ""The report omits the exact wastewater_signal labels for CO, WI, and PA in a direct structured summary."", ""The report does not explicitly state that CO is medium risk, WI is low risk, and PA is low risk in the main summary."", ""The report does not explicitly present the national_risk_level as a structured field or equivalent concise statement beyond narrative mention.""]"
45,grounded,2.909,high,1.0,0,0,1.0,1.0,1.0,1.0,1.0,1.0,1.0,0.0,1.0,0,[],94.25,True,5,[],[]
46,baseline,5.471,high,1.0,0,0,1.0,0.6666666666666666,1.0,1.0,1.0,0.6,1.0,0.0,1.0,0,"[""The report correctly preserves High confidence for all three states, but it adds interpretive certainty such as 'suggesting the current low-risk designation is supported by the provided inputs' and 'the clearest early operational signal' beyond what confidence alone establishes."", ""The report implies a stronger evidentiary basis for 'above-national burden' and 'supported' low-risk designation than the structured input provides, because no national comparator is included.""]",79.42,False,2,"[""The report states that CO has '16.00 cases per 100k', WI has '68.00 cases per 100k', and PA has '23.00 cases per 100k'. The structured input provides case_count values, not cases per 100k."", ""The report says the top cohort's burden is 'above-national' and refers to 'aggregate burden' and 'spread in burden' versus a national benchmark. No national average cases per 100k or comparable benchmark is present in the structured input."", ""The report mentions 'population_bucket values' and 'demographic structure' as missing, but these fields are not present in the structured input and were not required by the ground truth."", ""The report refers to 'partial data_completeness_flag values' and a 'separate low-confidence cohort', neither of which appears in the structured input."", ""The report says 'No additional forecast detail was provided in the payload beyond the national risk level and cohort signals.' This is broadly true, but later sections imply additional forecast framing such as 'short-horizon outlook' and 'near-term picture' that are not explicitly supported.""]","[""The report does not explicitly list the structured top states with their exact case_count, mmr_coverage, wastewater_signal, risk_level, and confidence_label in a compact structured summary."", ""The report does not clearly preserve the exact mmr_coverage values from the structured input."", ""The report does not clearly state the exact confidence_score values of 1.0 for each top state."", ""The report adds many sections not required by the structured input while omitting a concise direct mapping of all required fields.""]"
46,grounded,2.556,high,1.0,0,0,1.0,1.0,1.0,1.0,1.0,1.0,1.0,0.0,1.0,0,[],94.25,True,5,[],[]
47,baseline,5.893,high,1.0,0,0,1.0,0.6666666666666666,1.0,1.0,1.0,0.6,1.0,0.0,1.0,0,"[""The report correctly preserves High confidence for all three listed states."", ""However, it adds generalized reliability statements about \""no low-confidence states\"" and \""no partial completeness flags\"" without those fields being present in the structured input."", ""The report does not misuse confidence by downgrading or upgrading the provided labels, but it overextends confidence-related interpretation beyond the supplied data.""]",79.42,False,3,"[""References to a \""short-horizon outlook\"" and \""forecast\"" are not present in the structured input."", ""Claims about \""continued national concern\"" and \""attention needed\"" are interpretive and not directly supported by the structured fields."", ""Statements about \""above-national burden\"" and \""national baseline\"" are unsupported because no national per-capita benchmark is provided in the structured input."", ""The report mentions \""population buckets\"" and \""population-size stratification\"" as missing, but these fields are not part of the structured input and their absence is not itself a grounded report fact."", ""The report refers to \""data_completeness_flag\"" values, which are not present in the structured input."", ""The section \""Low-risk baseline states\"" implies an aggregate cohort beyond the three listed states, but the structured input only provides three top states and does not define a broader low-risk cohort.""]","[""The report does not explicitly present the structured top states in a compact, clearly labeled list with all required fields together (state, risk level, case count, MMR coverage, wastewater signal, confidence label/score)."", ""MMR coverage values for CO, WI, and PA are not explicitly reported in the narrative."", ""The national risk level is stated, but not clearly tied back to the structured field in a concise summary format."", ""The report does not clearly distinguish between grounded structured facts and speculative interpretation in several sections.""]"
47,grounded,2.447,high,1.0,0,0,1.0,1.0,1.0,1.0,1.0,1.0,1.0,0.0,1.0,0,[],94.25,True,5,[],[]
48,baseline,5.172,high,1.0,0,0,1.0,0.8888888888888888,0.6666666666666666,0.0,1.0,0.6,1.0,0.0,1.0,0,"[""States CO, WI, and PA are correctly labeled as High confidence, but the report adds unsupported statements about low-confidence states and incomplete-data signals not present in the structured input."", ""The report implies certainty about a short-horizon forecast and baseline comparison that are not included in the structured input.""]",71.64,False,2,"[""The short-horizon forecast in the payload supports continued elevated concern, with the national outlook remaining above baseline."", ""The top cohort is led by CO, WI, and PA; all three are in the enriched top set."", ""In aggregate, the top cohort sits above the national average burden implied by the payload, with cases concentrated in a small set of states rather than broadly distributed."", ""The cohort’s normalized burden is best read against cases_per_100k and delta_vs_national in the underlying report; the provided JSON does not include those fields, so no state-by-state normalization can be stated here."", ""Compared with agent2.summary_stats.national_avg_cases_per_100k, the top cohort should be interpreted as the higher-burden group in the dashboard context, but the exact numeric gap is not present in the supplied JSON."", ""The dashboard’s compact top-state cards already capture the state-level view; this section is limited to the cohort-level context."", ""The provided JSON does not include population buckets for the top cohort."", ""No additional population stratification is available in the payload."", ""Population context cannot be described further without the missing fields."", ""Demographic data are included for context only and are not used in risk scoring."", ""No partial completeness flags are shown for the enriched top cohort in the supplied JSON."", ""The lowest-risk cohort in the payload is the baseline group used for comparison in the dashboard, representing states with comparatively lower measles burden and more stable near-term outlook."", ""The supplied JSON does not enumerate those states, so only the aggregate baseline interpretation can be stated here."", ""Watch for wastewater-led signals that could precede a broader rise in activity."", ""Track whether states already above the national burden remain elevated in the next update."", ""Treat any low-confidence or incomplete-data signals as provisional until follow-up reporting confirms them."", ""This briefing is based only on the provided payload JSON. Missing fields from the underlying report limit normalization, population, and baseline-state detail; values are rounded as requested.""]","[""The report does not clearly preserve the structured fields for each top state in a compact, explicit state-by-state format including risk_level, case_count, mmr_coverage, wastewater_signal, confidence_label, and confidence_score."", ""The report omits the wastewater_signal values for each top state in the main summary."", ""The report does not explicitly state the risk_level for each top state alongside the state names in the summary."", ""The report does not explicitly present the national_risk_level as a structured item separate from narrative text.""]"
48,grounded,2.493,high,1.0,0,0,1.0,1.0,1.0,1.0,1.0,1.0,1.0,0.0,1.0,0,"[""States that no uncertainty adjustment is needed because all three top states have High confidence labels; this is acceptable but slightly overstates certainty by implying confidence labels alone fully eliminate uncertainty.""]",94.25,True,5,[],[]
49,baseline,5.614,high,1.0,0,0,1.0,0.6666666666666666,1.0,1.0,1.0,0.6,1.0,0.0,1.0,0,"[""The report correctly preserves High confidence for all three states, but it also introduces unsupported statements about missing low-confidence or incomplete inputs."", ""The report implies broader uncertainty about missing forecast metrics and normalized fields that are not part of the structured input, which may overstate uncertainty beyond what is provided.""]",79.42,False,2,"[""“The short-horizon outlook from the payload is anchored by a high national baseline with a mixed near-term signal across the top cohort.” The structured input provides only national_risk_level and top states; it does not provide a short-horizon outlook or baseline framing."", ""“No additional forecast metrics were provided in the payload, so the outlook should be treated as a high-level situational read rather than a quantified projection.” The absence of forecast metrics is not stated in the structured input."", ""“The top cohort’s aggregate burden is concentrated in the states with 68, 23, and 16 cases, which is above a simple even spread across the cohort.” The even-spread comparison is an inference not present in the input."", ""“Compared with the national average cases per 100k...” and references to “agent2.summary_stats.national_avg_cases_per_100k” are unsupported; no national average cases per 100k or agent2 placeholder appears in the structured input."", ""“Because the payload does not provide cohort-level cases_per_100k or delta_vs_national...” These fields are not in the structured input, but asserting their absence as a payload limitation is unsupported unless explicitly provided."", ""“Population context is not provided in the payload.” Population is not included in the structured input, but this is an extrapolated limitation statement."", ""“Demographic data are included for context only and are not used in risk scoring.” No demographic data are present in the structured input."", ""“No partial data_completeness_flag values were provided for the top cohort.” data_completeness_flag is not in the structured input."", ""“The lowest-risk cohort in the payload is the pair of low-risk states...” The structured input lists three top states but does not define a lowest-risk cohort or pair."", ""“their combined picture is still operationally relevant because one state has a larger case count and the other has a higher MMR coverage level” This comparative interpretation is not explicitly supported by the structured input."", ""“Watch for wastewater-led changes that could signal a shift before case counts move.” This is a general inference beyond the structured input."", ""“Treat any low-confidence or incomplete data inputs as provisional until refreshed.” The structured input does not include low-confidence or incomplete inputs.""]","[""Explicit listing of the three top states with their state codes, risk levels, case counts, MMR coverage, wastewater signal, and confidence labels/scores in a structured summary."", ""Clear, direct presentation of the national_risk_level without added speculative framing."", ""A concise comparison of the top states that stays within the provided fields only."", ""Avoidance of unsupported references to national averages, population context, demographic data, and completeness flags.""]"
49,grounded,2.779,high,1.0,0,0,1.0,1.0,1.0,1.0,1.0,1.0,1.0,0.0,1.0,0,[],94.25,True,5,[],[]
50,baseline,7.532,high,1.0,0,0,1.0,0.6666666666666666,1.0,1.0,1.0,0.6,1.0,0.0,1.0,0,"[""The report states 'Confidence is high for all three top states' and 'No Low confidence labels are present,' which is consistent with the input, but it also implies reliability/completeness assessments ('usable for short-horizon situational awareness', 'confidence downgrades or completeness issues') that are not supported by the structured input."", ""The report mentions 'No partial data_completeness_flag values are present' even though no such field exists in the structured input.""]",79.42,False,3,"[""The short-horizon outlook from the payload remains elevated."", ""The top cohort is anchored by CO with 16 cases and a wastewater-driven signal, alongside WI with 68 cases and PA with 23 cases, both case-driven."", ""The top cohort in aggregate is led by CO, WI, and PA; their case burdens are 16, 68, and 23 respectively, which places the cohort above the national average context provided in the payload."", ""The cohort’s case counts should be read against the national average cases-per-100k context from the agent payload, but that national benchmark is not included in the structured input here."", ""The cohort is not uniform: one state is elevated relative to the others, while the remaining two are lower-risk but still part of the top national set."", ""Demographic data are included for context only and are not used in risk scoring."", ""No partial data_completeness_flag values are present in the provided top cohort."", ""The lowest-risk cohort in the payload is represented by states assessed as low risk, with WI and PA falling into that group."", ""In aggregate, this baseline cohort shows lower concern than the medium-risk state in the top set, while still remaining part of the national watchlist."", ""Watch for any shift toward more wastewater-led detection in states already showing elevated activity."", ""Monitor whether states with case-driven signals continue to sit above the national burden context.""]","[""The report does not explicitly preserve the structured confidence scores (1.0) for each top state."", ""The report does not explicitly list the mmr_coverage values for CO, WI, and PA."", ""The report does not explicitly present the risk_level and wastewater_signal for each top state in a structured, complete way."", ""The report introduces population context and demographic notes despite those fields not being present in the structured input, rather than clearly limiting itself to the provided structured elements.""]"
50,grounded,2.557,high,1.0,0,0,1.0,1.0,1.0,1.0,1.0,1.0,1.0,0.0,1.0,0,[],94.25,True,5,[],[]
